/home/akj2/anaconda3/envs/11868py9/lib/python3.9/site-packages/torch/cuda/__init__.py:61: FutureWarning: The pynvml package is deprecated. Please install nvidia-ml-py instead. If you did not install pynvml directly, please report this to the maintainers of the package that installed pynvml for you.
  import pynvml  # type: ignore[import]
/home/akj2/anaconda3/envs/11868py9/lib/python3.9/site-packages/torch/cuda/__init__.py:61: FutureWarning: The pynvml package is deprecated. Please install nvidia-ml-py instead. If you did not install pynvml directly, please report this to the maintainers of the package that installed pynvml for you.
  import pynvml  # type: ignore[import]
[2026-04-05 14:09:12,862] [WARNING] [runner.py:232:fetch_hostfile] Unable to find hostfile, will proceed with training with local resources only.
[2026-04-05 14:09:12,862] [INFO] [runner.py:630:main] cmd = /home/akj2/anaconda3/envs/11868py9/bin/python3.9 -u -m deepspeed.launcher.launch --world_info=eyJsb2NhbGhvc3QiOiBbMCwgMV19 --master_addr=127.0.0.1 --master_port=29500 --enable_each_rank_log=None --log_level=info main.py --data_split 2,4,4 --model_name_or_path meta-llama/Llama-2-7b-hf --per_device_train_batch_size 1 --per_device_eval_batch_size 1 --max_seq_len 512 --learning_rate 9.65e-6 --weight_decay 0. --num_train_epochs 2 --gradient_accumulation_steps 4 --lr_scheduler_type cosine --num_warmup_steps 0 --seed 1234 --gradient_checkpointing --dtype bf16 --zero_stage 3 --deepspeed --lora_dim 128 --lora_module_name model.layers. --only_optimize_lora --lora_learning_rate 5e-4 --print_loss --output_dir ./output_llama2_7b_lora
/home/akj2/anaconda3/envs/11868py9/lib/python3.9/site-packages/torch/cuda/__init__.py:61: FutureWarning: The pynvml package is deprecated. Please install nvidia-ml-py instead. If you did not install pynvml directly, please report this to the maintainers of the package that installed pynvml for you.
  import pynvml  # type: ignore[import]
/home/akj2/anaconda3/envs/11868py9/lib/python3.9/site-packages/torch/cuda/__init__.py:61: FutureWarning: The pynvml package is deprecated. Please install nvidia-ml-py instead. If you did not install pynvml directly, please report this to the maintainers of the package that installed pynvml for you.
  import pynvml  # type: ignore[import]
[2026-04-05 14:09:16,077] [INFO] [launch.py:162:main] WORLD INFO DICT: {'localhost': [0, 1]}
[2026-04-05 14:09:16,077] [INFO] [launch.py:168:main] nnodes=1, num_local_procs=2, node_rank=0
[2026-04-05 14:09:16,077] [INFO] [launch.py:179:main] global_rank_mapping=defaultdict(<class 'list'>, {'localhost': [0, 1]})
[2026-04-05 14:09:16,077] [INFO] [launch.py:180:main] dist_world_size=2
[2026-04-05 14:09:16,077] [INFO] [launch.py:184:main] Setting CUDA_VISIBLE_DEVICES=0,1
[2026-04-05 14:09:16,090] [INFO] [launch.py:272:main] process 1676329 spawned with command: ['/home/akj2/anaconda3/envs/11868py9/bin/python3.9', '-u', 'main.py', '--local_rank=0', '--data_split', '2,4,4', '--model_name_or_path', 'meta-llama/Llama-2-7b-hf', '--per_device_train_batch_size', '1', '--per_device_eval_batch_size', '1', '--max_seq_len', '512', '--learning_rate', '9.65e-6', '--weight_decay', '0.', '--num_train_epochs', '2', '--gradient_accumulation_steps', '4', '--lr_scheduler_type', 'cosine', '--num_warmup_steps', '0', '--seed', '1234', '--gradient_checkpointing', '--dtype', 'bf16', '--zero_stage', '3', '--deepspeed', '--lora_dim', '128', '--lora_module_name', 'model.layers.', '--only_optimize_lora', '--lora_learning_rate', '5e-4', '--print_loss', '--output_dir', './output_llama2_7b_lora']
[2026-04-05 14:09:16,103] [INFO] [launch.py:272:main] process 1676330 spawned with command: ['/home/akj2/anaconda3/envs/11868py9/bin/python3.9', '-u', 'main.py', '--local_rank=1', '--data_split', '2,4,4', '--model_name_or_path', 'meta-llama/Llama-2-7b-hf', '--per_device_train_batch_size', '1', '--per_device_eval_batch_size', '1', '--max_seq_len', '512', '--learning_rate', '9.65e-6', '--weight_decay', '0.', '--num_train_epochs', '2', '--gradient_accumulation_steps', '4', '--lr_scheduler_type', 'cosine', '--num_warmup_steps', '0', '--seed', '1234', '--gradient_checkpointing', '--dtype', 'bf16', '--zero_stage', '3', '--deepspeed', '--lora_dim', '128', '--lora_module_name', 'model.layers.', '--only_optimize_lora', '--lora_learning_rate', '5e-4', '--print_loss', '--output_dir', './output_llama2_7b_lora']
/home/akj2/anaconda3/envs/11868py9/lib/python3.9/site-packages/torch/cuda/__init__.py:61: FutureWarning: The pynvml package is deprecated. Please install nvidia-ml-py instead. If you did not install pynvml directly, please report this to the maintainers of the package that installed pynvml for you.
  import pynvml  # type: ignore[import]
/home/akj2/anaconda3/envs/11868py9/lib/python3.9/site-packages/torch/cuda/__init__.py:61: FutureWarning: The pynvml package is deprecated. Please install nvidia-ml-py instead. If you did not install pynvml directly, please report this to the maintainers of the package that installed pynvml for you.
  import pynvml  # type: ignore[import]
/home/akj2/anaconda3/envs/11868py9/lib/python3.9/site-packages/torch/cuda/__init__.py:61: FutureWarning: The pynvml package is deprecated. Please install nvidia-ml-py instead. If you did not install pynvml directly, please report this to the maintainers of the package that installed pynvml for you.
  import pynvml  # type: ignore[import]
/home/akj2/anaconda3/envs/11868py9/lib/python3.9/site-packages/torch/cuda/__init__.py:61: FutureWarning: The pynvml package is deprecated. Please install nvidia-ml-py instead. If you did not install pynvml directly, please report this to the maintainers of the package that installed pynvml for you.
  import pynvml  # type: ignore[import]
Loading checkpoint shards:   0%|          | 0/2 [00:00<?, ?it/s]Loading checkpoint shards:   0%|          | 0/2 [00:00<?, ?it/s]Loading checkpoint shards:  50%|█████     | 1/2 [00:04<00:04,  4.72s/it]Loading checkpoint shards:  50%|█████     | 1/2 [00:05<00:05,  5.29s/it]Loading checkpoint shards: 100%|██████████| 2/2 [00:06<00:00,  3.20s/it]Loading checkpoint shards: 100%|██████████| 2/2 [00:06<00:00,  3.43s/it]
Loading checkpoint shards: 100%|██████████| 2/2 [00:07<00:00,  3.26s/it]Loading checkpoint shards: 100%|██████████| 2/2 [00:07<00:00,  3.57s/it]
The new embeddings will be initialized from a multivariate normal distribution that has old embeddings' mean and covariance. As described in this article: https://nlp.stanford.edu/~johnhew/vocab-expansion.html. To disable this, use `mean_resizing=False`
The new embeddings will be initialized from a multivariate normal distribution that has old embeddings' mean and covariance. As described in this article: https://nlp.stanford.edu/~johnhew/vocab-expansion.html. To disable this, use `mean_resizing=False`
The new lm_head weights will be initialized from a multivariate normal distribution that has old embeddings' mean and covariance. As described in this article: https://nlp.stanford.edu/~johnhew/vocab-expansion.html. To disable this, use `mean_resizing=False`
The new lm_head weights will be initialized from a multivariate normal distribution that has old embeddings' mean and covariance. As described in this article: https://nlp.stanford.edu/~johnhew/vocab-expansion.html. To disable this, use `mean_resizing=False`
Creating prompt dataset ['Dahoas/rm-static'], reload=True
Creating dataset Dahoas_rm_static for train_phase=1 size=762
Creating dataset Dahoas_rm_static for train_phase=1 size=51
/home/akj2/anaconda3/envs/11868py9/lib/python3.9/site-packages/torch/utils/cpp_extension.py:2356: UserWarning: TORCH_CUDA_ARCH_LIST is not set, all archs for visible cards are included for compilation. 
If this is not desired, please set os.environ['TORCH_CUDA_ARCH_LIST'].
  warnings.warn(
/home/akj2/anaconda3/envs/11868py9/lib/python3.9/site-packages/torch/utils/cpp_extension.py:2356: UserWarning: TORCH_CUDA_ARCH_LIST is not set, all archs for visible cards are included for compilation. 
If this is not desired, please set os.environ['TORCH_CUDA_ARCH_LIST'].
  warnings.warn(
***** Running training *****
***** Evaluating perplexity, Epoch 0/2 *****
ppl: 6.911011219024658, loss: 1.9331159591674805
Beginning of Epoch 1/2, Total Micro Batches 381
Epoch: 0, Step: 0, Rank: 1, loss = 1.2407487630844116Epoch: 0, Step: 0, Rank: 0, loss = 1.298083782196045

Model Parameters: 6.927 B, Latency: 3.88s, TFLOPs: 2.70, Samples/sec: 0.26, Time/seq 3.88s, Batch Size: 1, Sequence Length: 512
Epoch: 0, Step: 1, Rank: 0, loss = 1.5136253833770752Epoch: 0, Step: 1, Rank: 1, loss = 1.6034917831420898

Model Parameters: 6.927 B, Latency: 3.90s, TFLOPs: 2.68, Samples/sec: 0.26, Time/seq 3.90s, Batch Size: 1, Sequence Length: 512
Epoch: 0, Step: 2, Rank: 0, loss = 2.516234874725342Epoch: 0, Step: 2, Rank: 1, loss = 1.9495797157287598

Model Parameters: 6.927 B, Latency: 2.54s, TFLOPs: 4.12, Samples/sec: 0.39, Time/seq 2.54s, Batch Size: 1, Sequence Length: 512
Epoch: 0, Step: 3, Rank: 1, loss = 1.2071247100830078
Epoch: 0, Step: 3, Rank: 0, loss = 1.5483938455581665
Model Parameters: 6.927 B, Latency: 2.58s, TFLOPs: 4.05, Samples/sec: 0.39, Time/seq 2.58s, Batch Size: 1, Sequence Length: 512
Epoch: 0, Step: 4, Rank: 0, loss = 2.6053738594055176
Epoch: 0, Step: 4, Rank: 1, loss = 1.6118721961975098
Model Parameters: 6.927 B, Latency: 2.63s, TFLOPs: 3.98, Samples/sec: 0.38, Time/seq 2.63s, Batch Size: 1, Sequence Length: 512
Epoch: 0, Step: 5, Rank: 0, loss = 1.720524549484253Epoch: 0, Step: 5, Rank: 1, loss = 2.6407179832458496

Model Parameters: 6.927 B, Latency: 2.54s, TFLOPs: 4.12, Samples/sec: 0.39, Time/seq 2.54s, Batch Size: 1, Sequence Length: 512
Epoch: 0, Step: 6, Rank: 1, loss = 2.411628246307373
Epoch: 0, Step: 6, Rank: 0, loss = 2.4670608043670654
Model Parameters: 6.927 B, Latency: 2.54s, TFLOPs: 4.12, Samples/sec: 0.39, Time/seq 2.54s, Batch Size: 1, Sequence Length: 512
Epoch: 0, Step: 7, Rank: 1, loss = 1.9157522916793823
Epoch: 0, Step: 7, Rank: 0, loss = 1.8748586177825928
Model Parameters: 6.927 B, Latency: 2.56s, TFLOPs: 4.09, Samples/sec: 0.39, Time/seq 2.56s, Batch Size: 1, Sequence Length: 512
Epoch: 0, Step: 8, Rank: 0, loss = 1.9698058366775513Epoch: 0, Step: 8, Rank: 1, loss = 1.5410151481628418

Model Parameters: 6.927 B, Latency: 2.66s, TFLOPs: 3.93, Samples/sec: 0.38, Time/seq 2.66s, Batch Size: 1, Sequence Length: 512
Epoch: 0, Step: 9, Rank: 1, loss = 1.7243889570236206
Epoch: 0, Step: 9, Rank: 0, loss = 1.7679848670959473
Model Parameters: 6.927 B, Latency: 2.54s, TFLOPs: 4.13, Samples/sec: 0.39, Time/seq 2.54s, Batch Size: 1, Sequence Length: 512
Epoch: 0, Step: 10, Rank: 1, loss = 2.004570722579956
Epoch: 0, Step: 10, Rank: 0, loss = 1.5558154582977295
Model Parameters: 6.927 B, Latency: 2.53s, TFLOPs: 4.13, Samples/sec: 0.39, Time/seq 2.53s, Batch Size: 1, Sequence Length: 512
Epoch: 0, Step: 11, Rank: 1, loss = 1.5884382724761963Epoch: 0, Step: 11, Rank: 0, loss = 1.8594939708709717

Model Parameters: 6.927 B, Latency: 2.57s, TFLOPs: 4.08, Samples/sec: 0.39, Time/seq 2.57s, Batch Size: 1, Sequence Length: 512
Epoch: 0, Step: 12, Rank: 0, loss = 1.7751924991607666Epoch: 0, Step: 12, Rank: 1, loss = 1.557416319847107

Model Parameters: 6.927 B, Latency: 2.62s, TFLOPs: 3.99, Samples/sec: 0.38, Time/seq 2.62s, Batch Size: 1, Sequence Length: 512
Epoch: 0, Step: 13, Rank: 0, loss = 1.9728000164031982
Epoch: 0, Step: 13, Rank: 1, loss = 1.6245626211166382
Model Parameters: 6.927 B, Latency: 2.53s, TFLOPs: 4.13, Samples/sec: 0.39, Time/seq 2.53s, Batch Size: 1, Sequence Length: 512
Epoch: 0, Step: 14, Rank: 0, loss = 1.777732014656067
Epoch: 0, Step: 14, Rank: 1, loss = 1.4609514474868774
Model Parameters: 6.927 B, Latency: 2.54s, TFLOPs: 4.13, Samples/sec: 0.39, Time/seq 2.54s, Batch Size: 1, Sequence Length: 512
Epoch: 0, Step: 15, Rank: 1, loss = 0.8087781667709351
Epoch: 0, Step: 15, Rank: 0, loss = 1.6898144483566284
Model Parameters: 6.927 B, Latency: 2.58s, TFLOPs: 4.05, Samples/sec: 0.39, Time/seq 2.58s, Batch Size: 1, Sequence Length: 512
Epoch: 0, Step: 16, Rank: 1, loss = 1.0953892469406128
Epoch: 0, Step: 16, Rank: 0, loss = 1.6416605710983276
Model Parameters: 6.927 B, Latency: 2.64s, TFLOPs: 3.96, Samples/sec: 0.38, Time/seq 2.64s, Batch Size: 1, Sequence Length: 512
Epoch: 0, Step: 17, Rank: 1, loss = 1.4875702857971191Epoch: 0, Step: 17, Rank: 0, loss = 1.7734949588775635

Model Parameters: 6.927 B, Latency: 2.55s, TFLOPs: 4.11, Samples/sec: 0.39, Time/seq 2.55s, Batch Size: 1, Sequence Length: 512
Epoch: 0, Step: 18, Rank: 0, loss = 1.5581594705581665
Epoch: 0, Step: 18, Rank: 1, loss = 1.6565324068069458
Model Parameters: 6.927 B, Latency: 2.54s, TFLOPs: 4.12, Samples/sec: 0.39, Time/seq 2.54s, Batch Size: 1, Sequence Length: 512
Epoch: 0, Step: 19, Rank: 1, loss = 1.8381973505020142
Epoch: 0, Step: 19, Rank: 0, loss = 1.7149076461791992
Model Parameters: 6.927 B, Latency: 2.56s, TFLOPs: 4.08, Samples/sec: 0.39, Time/seq 2.56s, Batch Size: 1, Sequence Length: 512
Epoch: 0, Step: 20, Rank: 1, loss = 1.3591946363449097Epoch: 0, Step: 20, Rank: 0, loss = 1.2276006937026978

Model Parameters: 6.927 B, Latency: 2.64s, TFLOPs: 3.97, Samples/sec: 0.38, Time/seq 2.64s, Batch Size: 1, Sequence Length: 512
Epoch: 0, Step: 21, Rank: 0, loss = 1.6037371158599854
Epoch: 0, Step: 21, Rank: 1, loss = 1.7519056797027588
Model Parameters: 6.927 B, Latency: 2.54s, TFLOPs: 4.12, Samples/sec: 0.39, Time/seq 2.54s, Batch Size: 1, Sequence Length: 512
Epoch: 0, Step: 22, Rank: 0, loss = 1.322131872177124
Epoch: 0, Step: 22, Rank: 1, loss = 1.1641639471054077
Model Parameters: 6.927 B, Latency: 2.54s, TFLOPs: 4.12, Samples/sec: 0.39, Time/seq 2.54s, Batch Size: 1, Sequence Length: 512
Epoch: 0, Step: 23, Rank: 0, loss = 1.7447375059127808
Epoch: 0, Step: 23, Rank: 1, loss = 1.266225814819336
Model Parameters: 6.927 B, Latency: 2.56s, TFLOPs: 4.08, Samples/sec: 0.39, Time/seq 2.56s, Batch Size: 1, Sequence Length: 512
Epoch: 0, Step: 24, Rank: 1, loss = 1.3761016130447388Epoch: 0, Step: 24, Rank: 0, loss = 1.6091864109039307

Model Parameters: 6.927 B, Latency: 2.63s, TFLOPs: 3.98, Samples/sec: 0.38, Time/seq 2.63s, Batch Size: 1, Sequence Length: 512
Epoch: 0, Step: 25, Rank: 1, loss = 1.775061845779419
Epoch: 0, Step: 25, Rank: 0, loss = 1.5398539304733276
Model Parameters: 6.927 B, Latency: 2.54s, TFLOPs: 4.12, Samples/sec: 0.39, Time/seq 2.54s, Batch Size: 1, Sequence Length: 512
Epoch: 0, Step: 26, Rank: 1, loss = 1.1435081958770752
Epoch: 0, Step: 26, Rank: 0, loss = 1.9487289190292358
Model Parameters: 6.927 B, Latency: 2.54s, TFLOPs: 4.12, Samples/sec: 0.39, Time/seq 2.54s, Batch Size: 1, Sequence Length: 512
Epoch: 0, Step: 27, Rank: 1, loss = 1.4629400968551636Epoch: 0, Step: 27, Rank: 0, loss = 1.2201039791107178

Model Parameters: 6.927 B, Latency: 2.56s, TFLOPs: 4.09, Samples/sec: 0.39, Time/seq 2.56s, Batch Size: 1, Sequence Length: 512
Epoch: 0, Step: 28, Rank: 0, loss = 0.9538307189941406Epoch: 0, Step: 28, Rank: 1, loss = 1.153796672821045

Model Parameters: 6.927 B, Latency: 2.62s, TFLOPs: 3.99, Samples/sec: 0.38, Time/seq 2.62s, Batch Size: 1, Sequence Length: 512
Epoch: 0, Step: 29, Rank: 1, loss = 1.590547800064087
Epoch: 0, Step: 29, Rank: 0, loss = 1.2035549879074097
Model Parameters: 6.927 B, Latency: 2.54s, TFLOPs: 4.12, Samples/sec: 0.39, Time/seq 2.54s, Batch Size: 1, Sequence Length: 512
Epoch: 0, Step: 30, Rank: 1, loss = 1.3042006492614746
Epoch: 0, Step: 30, Rank: 0, loss = 1.5679290294647217
Model Parameters: 6.927 B, Latency: 2.54s, TFLOPs: 4.12, Samples/sec: 0.39, Time/seq 2.54s, Batch Size: 1, Sequence Length: 512
Epoch: 0, Step: 31, Rank: 0, loss = 2.099879503250122
Epoch: 0, Step: 31, Rank: 1, loss = 1.0444520711898804
Model Parameters: 6.927 B, Latency: 2.56s, TFLOPs: 4.09, Samples/sec: 0.39, Time/seq 2.56s, Batch Size: 1, Sequence Length: 512
Epoch: 0, Step: 32, Rank: 1, loss = 1.6341453790664673Epoch: 0, Step: 32, Rank: 0, loss = 1.1692583560943604

Model Parameters: 6.927 B, Latency: 2.62s, TFLOPs: 3.99, Samples/sec: 0.38, Time/seq 2.62s, Batch Size: 1, Sequence Length: 512
Epoch: 0, Step: 33, Rank: 0, loss = 1.2394438982009888
Epoch: 0, Step: 33, Rank: 1, loss = 1.5513514280319214
Model Parameters: 6.927 B, Latency: 2.54s, TFLOPs: 4.12, Samples/sec: 0.39, Time/seq 2.54s, Batch Size: 1, Sequence Length: 512
Epoch: 0, Step: 34, Rank: 1, loss = 1.3061261177062988
Epoch: 0, Step: 34, Rank: 0, loss = 1.0669052600860596
Model Parameters: 6.927 B, Latency: 2.54s, TFLOPs: 4.12, Samples/sec: 0.39, Time/seq 2.54s, Batch Size: 1, Sequence Length: 512
Epoch: 0, Step: 35, Rank: 0, loss = 2.2552735805511475
Epoch: 0, Step: 35, Rank: 1, loss = 1.257514476776123
Model Parameters: 6.927 B, Latency: 2.56s, TFLOPs: 4.09, Samples/sec: 0.39, Time/seq 2.56s, Batch Size: 1, Sequence Length: 512
Epoch: 0, Step: 36, Rank: 0, loss = 1.5936567783355713Epoch: 0, Step: 36, Rank: 1, loss = 1.4596785306930542

Model Parameters: 6.927 B, Latency: 2.63s, TFLOPs: 3.99, Samples/sec: 0.38, Time/seq 2.63s, Batch Size: 1, Sequence Length: 512
Epoch: 0, Step: 37, Rank: 1, loss = 1.6628062725067139Epoch: 0, Step: 37, Rank: 0, loss = 1.6134716272354126

Model Parameters: 6.927 B, Latency: 2.54s, TFLOPs: 4.12, Samples/sec: 0.39, Time/seq 2.54s, Batch Size: 1, Sequence Length: 512
Epoch: 0, Step: 38, Rank: 0, loss = 1.2368097305297852
Epoch: 0, Step: 38, Rank: 1, loss = 1.8448874950408936
Model Parameters: 6.927 B, Latency: 2.55s, TFLOPs: 4.11, Samples/sec: 0.39, Time/seq 2.55s, Batch Size: 1, Sequence Length: 512
Epoch: 0, Step: 39, Rank: 1, loss = 1.5845049619674683
Epoch: 0, Step: 39, Rank: 0, loss = 1.2520273923873901
Model Parameters: 6.927 B, Latency: 2.56s, TFLOPs: 4.09, Samples/sec: 0.39, Time/seq 2.56s, Batch Size: 1, Sequence Length: 512
Epoch: 0, Step: 40, Rank: 0, loss = 1.5082041025161743Epoch: 0, Step: 40, Rank: 1, loss = 1.7929061651229858

Model Parameters: 6.927 B, Latency: 2.62s, TFLOPs: 4.00, Samples/sec: 0.38, Time/seq 2.62s, Batch Size: 1, Sequence Length: 512
Epoch: 0, Step: 41, Rank: 0, loss = 1.228547215461731
Epoch: 0, Step: 41, Rank: 1, loss = 1.461955189704895
Model Parameters: 6.927 B, Latency: 2.54s, TFLOPs: 4.13, Samples/sec: 0.39, Time/seq 2.54s, Batch Size: 1, Sequence Length: 512
Epoch: 0, Step: 42, Rank: 0, loss = 1.6614705324172974
Epoch: 0, Step: 42, Rank: 1, loss = 2.026228904724121
Model Parameters: 6.927 B, Latency: 2.54s, TFLOPs: 4.12, Samples/sec: 0.39, Time/seq 2.54s, Batch Size: 1, Sequence Length: 512
Epoch: 0, Step: 43, Rank: 1, loss = 1.2367210388183594
Epoch: 0, Step: 43, Rank: 0, loss = 1.7941343784332275
Model Parameters: 6.927 B, Latency: 2.56s, TFLOPs: 4.08, Samples/sec: 0.39, Time/seq 2.56s, Batch Size: 1, Sequence Length: 512
Epoch: 0, Step: 44, Rank: 1, loss = 1.5042204856872559
Epoch: 0, Step: 44, Rank: 0, loss = 0.8147429823875427
Model Parameters: 6.927 B, Latency: 2.62s, TFLOPs: 3.99, Samples/sec: 0.38, Time/seq 2.62s, Batch Size: 1, Sequence Length: 512
Epoch: 0, Step: 45, Rank: 1, loss = 1.574012041091919
Epoch: 0, Step: 45, Rank: 0, loss = 1.5949541330337524
Model Parameters: 6.927 B, Latency: 2.53s, TFLOPs: 4.13, Samples/sec: 0.39, Time/seq 2.53s, Batch Size: 1, Sequence Length: 512
Epoch: 0, Step: 46, Rank: 0, loss = 1.6233196258544922Epoch: 0, Step: 46, Rank: 1, loss = 1.4053200483322144

Model Parameters: 6.927 B, Latency: 2.54s, TFLOPs: 4.13, Samples/sec: 0.39, Time/seq 2.54s, Batch Size: 1, Sequence Length: 512
Epoch: 0, Step: 47, Rank: 1, loss = 1.58699369430542
Epoch: 0, Step: 47, Rank: 0, loss = 1.112048625946045
Model Parameters: 6.927 B, Latency: 2.56s, TFLOPs: 4.09, Samples/sec: 0.39, Time/seq 2.56s, Batch Size: 1, Sequence Length: 512
Epoch: 0, Step: 48, Rank: 0, loss = 1.3941781520843506Epoch: 0, Step: 48, Rank: 1, loss = 1.4061615467071533

Model Parameters: 6.927 B, Latency: 2.63s, TFLOPs: 3.98, Samples/sec: 0.38, Time/seq 2.63s, Batch Size: 1, Sequence Length: 512
Epoch: 0, Step: 49, Rank: 1, loss = 1.3957992792129517
Epoch: 0, Step: 49, Rank: 0, loss = 1.3749890327453613
Model Parameters: 6.927 B, Latency: 2.58s, TFLOPs: 4.05, Samples/sec: 0.39, Time/seq 2.58s, Batch Size: 1, Sequence Length: 512
Epoch: 0, Step: 50, Rank: 0, loss = 1.352238416671753Epoch: 0, Step: 50, Rank: 1, loss = 1.3435101509094238

Model Parameters: 6.927 B, Latency: 2.53s, TFLOPs: 4.14, Samples/sec: 0.40, Time/seq 2.53s, Batch Size: 1, Sequence Length: 512
Epoch: 0, Step: 51, Rank: 1, loss = 1.0488605499267578
Epoch: 0, Step: 51, Rank: 0, loss = 1.2528542280197144
Model Parameters: 6.927 B, Latency: 2.56s, TFLOPs: 4.08, Samples/sec: 0.39, Time/seq 2.56s, Batch Size: 1, Sequence Length: 512
Epoch: 0, Step: 52, Rank: 0, loss = 1.2109497785568237
Epoch: 0, Step: 52, Rank: 1, loss = 1.7547917366027832
Model Parameters: 6.927 B, Latency: 2.63s, TFLOPs: 3.98, Samples/sec: 0.38, Time/seq 2.63s, Batch Size: 1, Sequence Length: 512
Epoch: 0, Step: 53, Rank: 1, loss = 1.1810611486434937
Epoch: 0, Step: 53, Rank: 0, loss = 1.598519206047058
Model Parameters: 6.927 B, Latency: 2.54s, TFLOPs: 4.13, Samples/sec: 0.39, Time/seq 2.54s, Batch Size: 1, Sequence Length: 512
Epoch: 0, Step: 54, Rank: 1, loss = 1.060998558998108
Epoch: 0, Step: 54, Rank: 0, loss = 1.8400107622146606
Model Parameters: 6.927 B, Latency: 2.54s, TFLOPs: 4.13, Samples/sec: 0.39, Time/seq 2.54s, Batch Size: 1, Sequence Length: 512
Epoch: 0, Step: 55, Rank: 1, loss = 1.272829532623291
Epoch: 0, Step: 55, Rank: 0, loss = 1.4546996355056763
Model Parameters: 6.927 B, Latency: 2.55s, TFLOPs: 4.10, Samples/sec: 0.39, Time/seq 2.55s, Batch Size: 1, Sequence Length: 512
Epoch: 0, Step: 56, Rank: 1, loss = 1.8600029945373535
Epoch: 0, Step: 56, Rank: 0, loss = 1.3930326700210571
Model Parameters: 6.927 B, Latency: 2.62s, TFLOPs: 3.99, Samples/sec: 0.38, Time/seq 2.62s, Batch Size: 1, Sequence Length: 512
Epoch: 0, Step: 57, Rank: 1, loss = 1.2222492694854736
Epoch: 0, Step: 57, Rank: 0, loss = 1.7035446166992188
Model Parameters: 6.927 B, Latency: 2.54s, TFLOPs: 4.12, Samples/sec: 0.39, Time/seq 2.54s, Batch Size: 1, Sequence Length: 512
Epoch: 0, Step: 58, Rank: 1, loss = 1.4634312391281128
Epoch: 0, Step: 58, Rank: 0, loss = 1.410464882850647
Model Parameters: 6.927 B, Latency: 2.54s, TFLOPs: 4.13, Samples/sec: 0.39, Time/seq 2.54s, Batch Size: 1, Sequence Length: 512
Epoch: 0, Step: 59, Rank: 1, loss = 1.6335166692733765Epoch: 0, Step: 59, Rank: 0, loss = 2.056642532348633

Model Parameters: 6.927 B, Latency: 2.55s, TFLOPs: 4.11, Samples/sec: 0.39, Time/seq 2.55s, Batch Size: 1, Sequence Length: 512
Epoch: 0, Step: 60, Rank: 1, loss = 1.5895543098449707Epoch: 0, Step: 60, Rank: 0, loss = 1.5286864042282104

Model Parameters: 6.927 B, Latency: 2.62s, TFLOPs: 3.99, Samples/sec: 0.38, Time/seq 2.62s, Batch Size: 1, Sequence Length: 512
Epoch: 0, Step: 61, Rank: 0, loss = 1.6133142709732056
Epoch: 0, Step: 61, Rank: 1, loss = 2.0784618854522705
Model Parameters: 6.927 B, Latency: 2.54s, TFLOPs: 4.12, Samples/sec: 0.39, Time/seq 2.54s, Batch Size: 1, Sequence Length: 512
Epoch: 0, Step: 62, Rank: 1, loss = 1.0658499002456665
Epoch: 0, Step: 62, Rank: 0, loss = 1.4364413022994995
Model Parameters: 6.927 B, Latency: 2.54s, TFLOPs: 4.12, Samples/sec: 0.39, Time/seq 2.54s, Batch Size: 1, Sequence Length: 512
Epoch: 0, Step: 63, Rank: 0, loss = 2.8410863876342773
Epoch: 0, Step: 63, Rank: 1, loss = 1.4685603380203247
Model Parameters: 6.927 B, Latency: 2.56s, TFLOPs: 4.09, Samples/sec: 0.39, Time/seq 2.56s, Batch Size: 1, Sequence Length: 512
Epoch: 0, Step: 64, Rank: 0, loss = 1.6857833862304688
Epoch: 0, Step: 64, Rank: 1, loss = 1.0917778015136719
Model Parameters: 6.927 B, Latency: 2.61s, TFLOPs: 4.01, Samples/sec: 0.38, Time/seq 2.61s, Batch Size: 1, Sequence Length: 512
Epoch: 0, Step: 65, Rank: 0, loss = 1.1777429580688477
Epoch: 0, Step: 65, Rank: 1, loss = 1.4119247198104858
Model Parameters: 6.927 B, Latency: 2.53s, TFLOPs: 4.13, Samples/sec: 0.39, Time/seq 2.53s, Batch Size: 1, Sequence Length: 512
Epoch: 0, Step: 66, Rank: 0, loss = 1.6175858974456787
Epoch: 0, Step: 66, Rank: 1, loss = 1.0257617235183716
Model Parameters: 6.927 B, Latency: 2.54s, TFLOPs: 4.12, Samples/sec: 0.39, Time/seq 2.54s, Batch Size: 1, Sequence Length: 512
Epoch: 0, Step: 67, Rank: 1, loss = 1.6783698797225952
Epoch: 0, Step: 67, Rank: 0, loss = 1.6305748224258423
Model Parameters: 6.927 B, Latency: 2.55s, TFLOPs: 4.10, Samples/sec: 0.39, Time/seq 2.55s, Batch Size: 1, Sequence Length: 512
Epoch: 0, Step: 68, Rank: 0, loss = 1.3676564693450928
Epoch: 0, Step: 68, Rank: 1, loss = 1.5072436332702637
Model Parameters: 6.927 B, Latency: 2.62s, TFLOPs: 3.99, Samples/sec: 0.38, Time/seq 2.62s, Batch Size: 1, Sequence Length: 512
Epoch: 0, Step: 69, Rank: 1, loss = 1.5268008708953857
Epoch: 0, Step: 69, Rank: 0, loss = 1.9081077575683594
Model Parameters: 6.927 B, Latency: 2.53s, TFLOPs: 4.14, Samples/sec: 0.40, Time/seq 2.53s, Batch Size: 1, Sequence Length: 512
Epoch: 0, Step: 70, Rank: 1, loss = 1.6662945747375488
Epoch: 0, Step: 70, Rank: 0, loss = 1.8309993743896484
Model Parameters: 6.927 B, Latency: 2.54s, TFLOPs: 4.13, Samples/sec: 0.39, Time/seq 2.54s, Batch Size: 1, Sequence Length: 512
Epoch: 0, Step: 71, Rank: 1, loss = 1.444306492805481
Epoch: 0, Step: 71, Rank: 0, loss = 1.2998749017715454
Model Parameters: 6.927 B, Latency: 2.57s, TFLOPs: 4.08, Samples/sec: 0.39, Time/seq 2.57s, Batch Size: 1, Sequence Length: 512
Epoch: 0, Step: 72, Rank: 1, loss = 1.21555757522583Epoch: 0, Step: 72, Rank: 0, loss = 1.44023597240448

Model Parameters: 6.927 B, Latency: 2.62s, TFLOPs: 4.00, Samples/sec: 0.38, Time/seq 2.62s, Batch Size: 1, Sequence Length: 512
Epoch: 0, Step: 73, Rank: 1, loss = 1.140099048614502
Epoch: 0, Step: 73, Rank: 0, loss = 1.4250515699386597
Model Parameters: 6.927 B, Latency: 2.53s, TFLOPs: 4.14, Samples/sec: 0.40, Time/seq 2.53s, Batch Size: 1, Sequence Length: 512
Epoch: 0, Step: 74, Rank: 0, loss = 1.2570219039916992
Epoch: 0, Step: 74, Rank: 1, loss = 1.107751727104187
Model Parameters: 6.927 B, Latency: 2.54s, TFLOPs: 4.13, Samples/sec: 0.39, Time/seq 2.54s, Batch Size: 1, Sequence Length: 512
Epoch: 0, Step: 75, Rank: 0, loss = 1.3665697574615479
Epoch: 0, Step: 75, Rank: 1, loss = 1.4705474376678467
Model Parameters: 6.927 B, Latency: 2.56s, TFLOPs: 4.09, Samples/sec: 0.39, Time/seq 2.56s, Batch Size: 1, Sequence Length: 512
Epoch: 0, Step: 76, Rank: 1, loss = 1.1503140926361084Epoch: 0, Step: 76, Rank: 0, loss = 1.5255237817764282

Model Parameters: 6.927 B, Latency: 2.62s, TFLOPs: 3.99, Samples/sec: 0.38, Time/seq 2.62s, Batch Size: 1, Sequence Length: 512
Epoch: 0, Step: 77, Rank: 1, loss = 1.9201757907867432
Epoch: 0, Step: 77, Rank: 0, loss = 1.7474762201309204
Model Parameters: 6.927 B, Latency: 2.54s, TFLOPs: 4.13, Samples/sec: 0.39, Time/seq 2.54s, Batch Size: 1, Sequence Length: 512
Epoch: 0, Step: 78, Rank: 1, loss = 1.6032577753067017
Epoch: 0, Step: 78, Rank: 0, loss = 1.2709059715270996
Model Parameters: 6.927 B, Latency: 2.53s, TFLOPs: 4.14, Samples/sec: 0.40, Time/seq 2.53s, Batch Size: 1, Sequence Length: 512
Epoch: 0, Step: 79, Rank: 1, loss = 1.6173748970031738
Epoch: 0, Step: 79, Rank: 0, loss = 1.6754735708236694
Model Parameters: 6.927 B, Latency: 2.56s, TFLOPs: 4.09, Samples/sec: 0.39, Time/seq 2.56s, Batch Size: 1, Sequence Length: 512
Epoch: 0, Step: 80, Rank: 0, loss = 1.1445496082305908
Epoch: 0, Step: 80, Rank: 1, loss = 1.1343966722488403
Model Parameters: 6.927 B, Latency: 2.67s, TFLOPs: 3.92, Samples/sec: 0.37, Time/seq 2.67s, Batch Size: 1, Sequence Length: 512
Epoch: 0, Step: 81, Rank: 1, loss = 1.6739039421081543
Epoch: 0, Step: 81, Rank: 0, loss = 1.6363632678985596
Model Parameters: 6.927 B, Latency: 2.58s, TFLOPs: 4.05, Samples/sec: 0.39, Time/seq 2.58s, Batch Size: 1, Sequence Length: 512
Epoch: 0, Step: 82, Rank: 1, loss = 1.275935411453247
Epoch: 0, Step: 82, Rank: 0, loss = 1.3751485347747803
Model Parameters: 6.927 B, Latency: 2.54s, TFLOPs: 4.13, Samples/sec: 0.39, Time/seq 2.54s, Batch Size: 1, Sequence Length: 512
Epoch: 0, Step: 83, Rank: 0, loss = 1.3435382843017578
Epoch: 0, Step: 83, Rank: 1, loss = 0.8553969860076904
Model Parameters: 6.927 B, Latency: 2.56s, TFLOPs: 4.09, Samples/sec: 0.39, Time/seq 2.56s, Batch Size: 1, Sequence Length: 512
Epoch: 0, Step: 84, Rank: 1, loss = 1.7443609237670898
Epoch: 0, Step: 84, Rank: 0, loss = 1.429467797279358
Model Parameters: 6.927 B, Latency: 2.62s, TFLOPs: 4.00, Samples/sec: 0.38, Time/seq 2.62s, Batch Size: 1, Sequence Length: 512
Epoch: 0, Step: 85, Rank: 1, loss = 1.2665024995803833
Epoch: 0, Step: 85, Rank: 0, loss = 0.8651221990585327
Model Parameters: 6.927 B, Latency: 2.55s, TFLOPs: 4.11, Samples/sec: 0.39, Time/seq 2.55s, Batch Size: 1, Sequence Length: 512
Epoch: 0, Step: 86, Rank: 1, loss = 1.661428451538086
Epoch: 0, Step: 86, Rank: 0, loss = 1.4430937767028809
Model Parameters: 6.927 B, Latency: 2.53s, TFLOPs: 4.14, Samples/sec: 0.40, Time/seq 2.53s, Batch Size: 1, Sequence Length: 512
Epoch: 0, Step: 87, Rank: 1, loss = 1.663710355758667
Epoch: 0, Step: 87, Rank: 0, loss = 2.126955270767212
Model Parameters: 6.927 B, Latency: 2.56s, TFLOPs: 4.08, Samples/sec: 0.39, Time/seq 2.56s, Batch Size: 1, Sequence Length: 512
Epoch: 0, Step: 88, Rank: 0, loss = 1.7030166387557983Epoch: 0, Step: 88, Rank: 1, loss = 1.3898428678512573

Model Parameters: 6.927 B, Latency: 2.61s, TFLOPs: 4.01, Samples/sec: 0.38, Time/seq 2.61s, Batch Size: 1, Sequence Length: 512
Epoch: 0, Step: 89, Rank: 1, loss = 1.3182687759399414
Epoch: 0, Step: 89, Rank: 0, loss = 1.5536574125289917
Model Parameters: 6.927 B, Latency: 2.53s, TFLOPs: 4.14, Samples/sec: 0.40, Time/seq 2.53s, Batch Size: 1, Sequence Length: 512
Epoch: 0, Step: 90, Rank: 1, loss = 1.9196012020111084
Epoch: 0, Step: 90, Rank: 0, loss = 1.1933660507202148
Model Parameters: 6.927 B, Latency: 2.56s, TFLOPs: 4.09, Samples/sec: 0.39, Time/seq 2.56s, Batch Size: 1, Sequence Length: 512
Epoch: 0, Step: 91, Rank: 0, loss = 1.351121187210083
Epoch: 0, Step: 91, Rank: 1, loss = 1.3013553619384766
Model Parameters: 6.927 B, Latency: 2.57s, TFLOPs: 4.07, Samples/sec: 0.39, Time/seq 2.57s, Batch Size: 1, Sequence Length: 512
Epoch: 0, Step: 92, Rank: 0, loss = 1.4045876264572144Epoch: 0, Step: 92, Rank: 1, loss = 1.5784913301467896

Model Parameters: 6.927 B, Latency: 2.61s, TFLOPs: 4.00, Samples/sec: 0.38, Time/seq 2.61s, Batch Size: 1, Sequence Length: 512
Epoch: 0, Step: 93, Rank: 1, loss = 0.7714029550552368
Epoch: 0, Step: 93, Rank: 0, loss = 1.5066001415252686
Model Parameters: 6.927 B, Latency: 2.53s, TFLOPs: 4.14, Samples/sec: 0.40, Time/seq 2.53s, Batch Size: 1, Sequence Length: 512
Epoch: 0, Step: 94, Rank: 0, loss = 1.5546565055847168
Epoch: 0, Step: 94, Rank: 1, loss = 1.5358052253723145
Model Parameters: 6.927 B, Latency: 2.54s, TFLOPs: 4.13, Samples/sec: 0.39, Time/seq 2.54s, Batch Size: 1, Sequence Length: 512
Epoch: 0, Step: 95, Rank: 1, loss = 1.7144062519073486
Epoch: 0, Step: 95, Rank: 0, loss = 1.2411028146743774
Model Parameters: 6.927 B, Latency: 2.55s, TFLOPs: 4.10, Samples/sec: 0.39, Time/seq 2.55s, Batch Size: 1, Sequence Length: 512
Epoch: 0, Step: 96, Rank: 0, loss = 1.5457637310028076
Epoch: 0, Step: 96, Rank: 1, loss = 0.7797975540161133
Model Parameters: 6.927 B, Latency: 2.61s, TFLOPs: 4.01, Samples/sec: 0.38, Time/seq 2.61s, Batch Size: 1, Sequence Length: 512
Epoch: 0, Step: 97, Rank: 1, loss = 1.3379780054092407
Epoch: 0, Step: 97, Rank: 0, loss = 1.5024360418319702
Model Parameters: 6.927 B, Latency: 2.54s, TFLOPs: 4.13, Samples/sec: 0.39, Time/seq 2.54s, Batch Size: 1, Sequence Length: 512
Epoch: 0, Step: 98, Rank: 0, loss = 1.7610676288604736
Epoch: 0, Step: 98, Rank: 1, loss = 1.6613938808441162
Model Parameters: 6.927 B, Latency: 2.53s, TFLOPs: 4.14, Samples/sec: 0.40, Time/seq 2.53s, Batch Size: 1, Sequence Length: 512
Epoch: 0, Step: 99, Rank: 1, loss = 0.9569790363311768
Epoch: 0, Step: 99, Rank: 0, loss = 1.496104121208191
Model Parameters: 6.927 B, Latency: 2.55s, TFLOPs: 4.10, Samples/sec: 0.39, Time/seq 2.55s, Batch Size: 1, Sequence Length: 512
Epoch: 0, Step: 100, Rank: 1, loss = 1.191505789756775Epoch: 0, Step: 100, Rank: 0, loss = 1.7732529640197754

Model Parameters: 6.927 B, Latency: 2.61s, TFLOPs: 4.00, Samples/sec: 0.38, Time/seq 2.61s, Batch Size: 1, Sequence Length: 512
Epoch: 0, Step: 101, Rank: 0, loss = 1.8181369304656982
Epoch: 0, Step: 101, Rank: 1, loss = 1.667378544807434
Model Parameters: 6.927 B, Latency: 2.53s, TFLOPs: 4.14, Samples/sec: 0.40, Time/seq 2.53s, Batch Size: 1, Sequence Length: 512
Epoch: 0, Step: 102, Rank: 0, loss = 1.6044191122055054
Epoch: 0, Step: 102, Rank: 1, loss = 1.591295838356018
Model Parameters: 6.927 B, Latency: 2.53s, TFLOPs: 4.13, Samples/sec: 0.40, Time/seq 2.53s, Batch Size: 1, Sequence Length: 512
Epoch: 0, Step: 103, Rank: 1, loss = 1.2769660949707031
Epoch: 0, Step: 103, Rank: 0, loss = 1.5889803171157837
Model Parameters: 6.927 B, Latency: 2.55s, TFLOPs: 4.10, Samples/sec: 0.39, Time/seq 2.55s, Batch Size: 1, Sequence Length: 512
Epoch: 0, Step: 104, Rank: 1, loss = 1.5076546669006348
Epoch: 0, Step: 104, Rank: 0, loss = 1.7118216753005981
Model Parameters: 6.927 B, Latency: 2.62s, TFLOPs: 4.00, Samples/sec: 0.38, Time/seq 2.62s, Batch Size: 1, Sequence Length: 512
Epoch: 0, Step: 105, Rank: 1, loss = 1.3231796026229858
Epoch: 0, Step: 105, Rank: 0, loss = 1.6771433353424072
Model Parameters: 6.927 B, Latency: 2.53s, TFLOPs: 4.14, Samples/sec: 0.40, Time/seq 2.53s, Batch Size: 1, Sequence Length: 512
Epoch: 0, Step: 106, Rank: 0, loss = 1.2114601135253906
Epoch: 0, Step: 106, Rank: 1, loss = 2.0118331909179688
Model Parameters: 6.927 B, Latency: 2.53s, TFLOPs: 4.14, Samples/sec: 0.40, Time/seq 2.53s, Batch Size: 1, Sequence Length: 512
Epoch: 0, Step: 107, Rank: 0, loss = 1.4621599912643433
Epoch: 0, Step: 107, Rank: 1, loss = 1.40590500831604
Model Parameters: 6.927 B, Latency: 2.56s, TFLOPs: 4.09, Samples/sec: 0.39, Time/seq 2.56s, Batch Size: 1, Sequence Length: 512
Epoch: 0, Step: 108, Rank: 0, loss = 0.9207362532615662
Epoch: 0, Step: 108, Rank: 1, loss = 1.0819621086120605
Model Parameters: 6.927 B, Latency: 2.63s, TFLOPs: 3.99, Samples/sec: 0.38, Time/seq 2.63s, Batch Size: 1, Sequence Length: 512
Epoch: 0, Step: 109, Rank: 1, loss = 1.6764155626296997
Epoch: 0, Step: 109, Rank: 0, loss = 0.9973606467247009
Model Parameters: 6.927 B, Latency: 2.53s, TFLOPs: 4.14, Samples/sec: 0.40, Time/seq 2.53s, Batch Size: 1, Sequence Length: 512
Epoch: 0, Step: 110, Rank: 1, loss = 1.4917776584625244
Epoch: 0, Step: 110, Rank: 0, loss = 1.0222681760787964
Model Parameters: 6.927 B, Latency: 2.54s, TFLOPs: 4.12, Samples/sec: 0.39, Time/seq 2.54s, Batch Size: 1, Sequence Length: 512
Epoch: 0, Step: 111, Rank: 0, loss = 1.5366487503051758Epoch: 0, Step: 111, Rank: 1, loss = 1.1114627122879028

Model Parameters: 6.927 B, Latency: 2.56s, TFLOPs: 4.09, Samples/sec: 0.39, Time/seq 2.56s, Batch Size: 1, Sequence Length: 512
Epoch: 0, Step: 112, Rank: 1, loss = 1.109605073928833Epoch: 0, Step: 112, Rank: 0, loss = 0.8401474356651306

Model Parameters: 6.927 B, Latency: 2.62s, TFLOPs: 4.00, Samples/sec: 0.38, Time/seq 2.62s, Batch Size: 1, Sequence Length: 512
Epoch: 0, Step: 113, Rank: 1, loss = 1.5457525253295898
Epoch: 0, Step: 113, Rank: 0, loss = 1.532294511795044
Model Parameters: 6.927 B, Latency: 2.54s, TFLOPs: 4.12, Samples/sec: 0.39, Time/seq 2.54s, Batch Size: 1, Sequence Length: 512
Epoch: 0, Step: 114, Rank: 1, loss = 1.6211110353469849
Epoch: 0, Step: 114, Rank: 0, loss = 1.3948463201522827
Model Parameters: 6.927 B, Latency: 2.53s, TFLOPs: 4.14, Samples/sec: 0.40, Time/seq 2.53s, Batch Size: 1, Sequence Length: 512
Epoch: 0, Step: 115, Rank: 1, loss = 1.628393292427063Epoch: 0, Step: 115, Rank: 0, loss = 1.1620405912399292

Model Parameters: 6.927 B, Latency: 2.55s, TFLOPs: 4.10, Samples/sec: 0.39, Time/seq 2.55s, Batch Size: 1, Sequence Length: 512
Epoch: 0, Step: 116, Rank: 1, loss = 1.6282875537872314Epoch: 0, Step: 116, Rank: 0, loss = 1.6050318479537964

Model Parameters: 6.927 B, Latency: 2.62s, TFLOPs: 3.99, Samples/sec: 0.38, Time/seq 2.62s, Batch Size: 1, Sequence Length: 512
Epoch: 0, Step: 117, Rank: 1, loss = 1.1625702381134033
Epoch: 0, Step: 117, Rank: 0, loss = 1.335480809211731
Model Parameters: 6.927 B, Latency: 2.54s, TFLOPs: 4.13, Samples/sec: 0.39, Time/seq 2.54s, Batch Size: 1, Sequence Length: 512
Epoch: 0, Step: 118, Rank: 1, loss = 1.8580340147018433
Epoch: 0, Step: 118, Rank: 0, loss = 1.8131040334701538
Model Parameters: 6.927 B, Latency: 2.54s, TFLOPs: 4.13, Samples/sec: 0.39, Time/seq 2.54s, Batch Size: 1, Sequence Length: 512
Epoch: 0, Step: 119, Rank: 1, loss = 1.0274326801300049Epoch: 0, Step: 119, Rank: 0, loss = 1.2228138446807861

Model Parameters: 6.927 B, Latency: 2.56s, TFLOPs: 4.09, Samples/sec: 0.39, Time/seq 2.56s, Batch Size: 1, Sequence Length: 512
Epoch: 0, Step: 120, Rank: 1, loss = 1.5260145664215088Epoch: 0, Step: 120, Rank: 0, loss = 1.3043321371078491

Model Parameters: 6.927 B, Latency: 2.62s, TFLOPs: 3.99, Samples/sec: 0.38, Time/seq 2.62s, Batch Size: 1, Sequence Length: 512
Epoch: 0, Step: 121, Rank: 1, loss = 1.7186192274093628
Epoch: 0, Step: 121, Rank: 0, loss = 1.5282443761825562
Model Parameters: 6.927 B, Latency: 2.53s, TFLOPs: 4.13, Samples/sec: 0.39, Time/seq 2.53s, Batch Size: 1, Sequence Length: 512
Epoch: 0, Step: 122, Rank: 0, loss = 1.4368057250976562
Epoch: 0, Step: 122, Rank: 1, loss = 1.3191875219345093
Model Parameters: 6.927 B, Latency: 2.53s, TFLOPs: 4.13, Samples/sec: 0.39, Time/seq 2.53s, Batch Size: 1, Sequence Length: 512
Epoch: 0, Step: 123, Rank: 0, loss = 1.390515685081482
Epoch: 0, Step: 123, Rank: 1, loss = 1.4215024709701538
Model Parameters: 6.927 B, Latency: 2.55s, TFLOPs: 4.10, Samples/sec: 0.39, Time/seq 2.55s, Batch Size: 1, Sequence Length: 512
Epoch: 0, Step: 124, Rank: 1, loss = 1.4303920269012451Epoch: 0, Step: 124, Rank: 0, loss = 1.6882401704788208

Model Parameters: 6.927 B, Latency: 2.62s, TFLOPs: 3.99, Samples/sec: 0.38, Time/seq 2.62s, Batch Size: 1, Sequence Length: 512
Epoch: 0, Step: 125, Rank: 1, loss = 1.1411066055297852
Epoch: 0, Step: 125, Rank: 0, loss = 1.4932596683502197
Model Parameters: 6.927 B, Latency: 2.53s, TFLOPs: 4.13, Samples/sec: 0.39, Time/seq 2.53s, Batch Size: 1, Sequence Length: 512
Epoch: 0, Step: 126, Rank: 1, loss = 1.6177942752838135
Epoch: 0, Step: 126, Rank: 0, loss = 1.1541118621826172
Model Parameters: 6.927 B, Latency: 2.53s, TFLOPs: 4.13, Samples/sec: 0.39, Time/seq 2.53s, Batch Size: 1, Sequence Length: 512
Epoch: 0, Step: 127, Rank: 0, loss = 1.4930901527404785
Epoch: 0, Step: 127, Rank: 1, loss = 1.3875993490219116
Model Parameters: 6.927 B, Latency: 2.56s, TFLOPs: 4.09, Samples/sec: 0.39, Time/seq 2.56s, Batch Size: 1, Sequence Length: 512
Epoch: 0, Step: 128, Rank: 0, loss = 1.5068507194519043Epoch: 0, Step: 128, Rank: 1, loss = 1.179789423942566

Model Parameters: 6.927 B, Latency: 2.62s, TFLOPs: 3.99, Samples/sec: 0.38, Time/seq 2.62s, Batch Size: 1, Sequence Length: 512
Epoch: 0, Step: 129, Rank: 0, loss = 1.4602952003479004
Epoch: 0, Step: 129, Rank: 1, loss = 1.6560708284378052
Model Parameters: 6.927 B, Latency: 2.54s, TFLOPs: 4.13, Samples/sec: 0.39, Time/seq 2.54s, Batch Size: 1, Sequence Length: 512
Epoch: 0, Step: 130, Rank: 1, loss = 1.2280830144882202
Epoch: 0, Step: 130, Rank: 0, loss = 1.7970452308654785
Model Parameters: 6.927 B, Latency: 2.53s, TFLOPs: 4.13, Samples/sec: 0.39, Time/seq 2.53s, Batch Size: 1, Sequence Length: 512
Epoch: 0, Step: 131, Rank: 1, loss = 1.3522933721542358
Epoch: 0, Step: 131, Rank: 0, loss = 1.7377264499664307
Model Parameters: 6.927 B, Latency: 2.55s, TFLOPs: 4.11, Samples/sec: 0.39, Time/seq 2.55s, Batch Size: 1, Sequence Length: 512
Epoch: 0, Step: 132, Rank: 0, loss = 1.5922199487686157Epoch: 0, Step: 132, Rank: 1, loss = 1.5210020542144775

Model Parameters: 6.927 B, Latency: 2.66s, TFLOPs: 3.93, Samples/sec: 0.38, Time/seq 2.66s, Batch Size: 1, Sequence Length: 512
Epoch: 0, Step: 133, Rank: 0, loss = 1.2652662992477417
Epoch: 0, Step: 133, Rank: 1, loss = 1.4339100122451782
Model Parameters: 6.927 B, Latency: 2.54s, TFLOPs: 4.13, Samples/sec: 0.39, Time/seq 2.54s, Batch Size: 1, Sequence Length: 512
Epoch: 0, Step: 134, Rank: 1, loss = 1.1037806272506714
Epoch: 0, Step: 134, Rank: 0, loss = 1.481598138809204
Model Parameters: 6.927 B, Latency: 2.54s, TFLOPs: 4.13, Samples/sec: 0.39, Time/seq 2.54s, Batch Size: 1, Sequence Length: 512
Epoch: 0, Step: 135, Rank: 1, loss = 1.0476348400115967Epoch: 0, Step: 135, Rank: 0, loss = 1.213973045349121

Model Parameters: 6.927 B, Latency: 2.56s, TFLOPs: 4.10, Samples/sec: 0.39, Time/seq 2.56s, Batch Size: 1, Sequence Length: 512
Epoch: 0, Step: 136, Rank: 0, loss = 1.6161837577819824Epoch: 0, Step: 136, Rank: 1, loss = 1.4684993028640747

Model Parameters: 6.927 B, Latency: 2.62s, TFLOPs: 4.00, Samples/sec: 0.38, Time/seq 2.62s, Batch Size: 1, Sequence Length: 512
Epoch: 0, Step: 137, Rank: 0, loss = 1.4702825546264648
Epoch: 0, Step: 137, Rank: 1, loss = 1.4893616437911987
Model Parameters: 6.927 B, Latency: 2.54s, TFLOPs: 4.12, Samples/sec: 0.39, Time/seq 2.54s, Batch Size: 1, Sequence Length: 512
Epoch: 0, Step: 138, Rank: 0, loss = 1.0823169946670532
Epoch: 0, Step: 138, Rank: 1, loss = 1.5157109498977661
Model Parameters: 6.927 B, Latency: 2.54s, TFLOPs: 4.13, Samples/sec: 0.39, Time/seq 2.54s, Batch Size: 1, Sequence Length: 512
Epoch: 0, Step: 139, Rank: 1, loss = 1.666420578956604
Epoch: 0, Step: 139, Rank: 0, loss = 1.5631523132324219
Model Parameters: 6.927 B, Latency: 2.56s, TFLOPs: 4.10, Samples/sec: 0.39, Time/seq 2.56s, Batch Size: 1, Sequence Length: 512
Epoch: 0, Step: 140, Rank: 0, loss = 1.5013879537582397
Epoch: 0, Step: 140, Rank: 1, loss = 1.5250201225280762
Model Parameters: 6.927 B, Latency: 2.62s, TFLOPs: 4.00, Samples/sec: 0.38, Time/seq 2.62s, Batch Size: 1, Sequence Length: 512
Epoch: 0, Step: 141, Rank: 1, loss = 1.3959877490997314
Epoch: 0, Step: 141, Rank: 0, loss = 1.5866005420684814
Model Parameters: 6.927 B, Latency: 2.54s, TFLOPs: 4.12, Samples/sec: 0.39, Time/seq 2.54s, Batch Size: 1, Sequence Length: 512
Epoch: 0, Step: 142, Rank: 0, loss = 1.5711228847503662
Epoch: 0, Step: 142, Rank: 1, loss = 1.0789999961853027
Model Parameters: 6.927 B, Latency: 2.54s, TFLOPs: 4.13, Samples/sec: 0.39, Time/seq 2.54s, Batch Size: 1, Sequence Length: 512
Epoch: 0, Step: 143, Rank: 1, loss = 1.460228681564331
Epoch: 0, Step: 143, Rank: 0, loss = 1.476626992225647
Model Parameters: 6.927 B, Latency: 2.55s, TFLOPs: 4.10, Samples/sec: 0.39, Time/seq 2.55s, Batch Size: 1, Sequence Length: 512
Epoch: 0, Step: 144, Rank: 0, loss = 0.9590889811515808Epoch: 0, Step: 144, Rank: 1, loss = 1.474420428276062

Model Parameters: 6.927 B, Latency: 2.62s, TFLOPs: 3.99, Samples/sec: 0.38, Time/seq 2.62s, Batch Size: 1, Sequence Length: 512
Epoch: 0, Step: 145, Rank: 0, loss = 1.2232214212417603
Epoch: 0, Step: 145, Rank: 1, loss = 1.3129746913909912
Model Parameters: 6.927 B, Latency: 2.53s, TFLOPs: 4.13, Samples/sec: 0.39, Time/seq 2.53s, Batch Size: 1, Sequence Length: 512
Epoch: 0, Step: 146, Rank: 1, loss = 1.4895312786102295
Epoch: 0, Step: 146, Rank: 0, loss = 1.2344918251037598
Model Parameters: 6.927 B, Latency: 2.54s, TFLOPs: 4.13, Samples/sec: 0.39, Time/seq 2.54s, Batch Size: 1, Sequence Length: 512
Epoch: 0, Step: 147, Rank: 1, loss = 1.9097365140914917
Epoch: 0, Step: 147, Rank: 0, loss = 1.251511573791504
Model Parameters: 6.927 B, Latency: 2.55s, TFLOPs: 4.10, Samples/sec: 0.39, Time/seq 2.55s, Batch Size: 1, Sequence Length: 512
Epoch: 0, Step: 148, Rank: 1, loss = 1.2439274787902832Epoch: 0, Step: 148, Rank: 0, loss = 1.6066441535949707

Model Parameters: 6.927 B, Latency: 2.62s, TFLOPs: 3.99, Samples/sec: 0.38, Time/seq 2.62s, Batch Size: 1, Sequence Length: 512
Epoch: 0, Step: 149, Rank: 0, loss = 1.5481314659118652
Epoch: 0, Step: 149, Rank: 1, loss = 1.7265734672546387
Model Parameters: 6.927 B, Latency: 2.53s, TFLOPs: 4.14, Samples/sec: 0.40, Time/seq 2.53s, Batch Size: 1, Sequence Length: 512
Epoch: 0, Step: 150, Rank: 1, loss = 1.4059327840805054
Epoch: 0, Step: 150, Rank: 0, loss = 1.6279420852661133
Model Parameters: 6.927 B, Latency: 2.54s, TFLOPs: 4.12, Samples/sec: 0.39, Time/seq 2.54s, Batch Size: 1, Sequence Length: 512
Epoch: 0, Step: 151, Rank: 1, loss = 1.5033732652664185
Epoch: 0, Step: 151, Rank: 0, loss = 1.1870629787445068
Model Parameters: 6.927 B, Latency: 2.56s, TFLOPs: 4.09, Samples/sec: 0.39, Time/seq 2.56s, Batch Size: 1, Sequence Length: 512
Epoch: 0, Step: 152, Rank: 1, loss = 1.504997968673706
Epoch: 0, Step: 152, Rank: 0, loss = 1.179368019104004
Model Parameters: 6.927 B, Latency: 2.62s, TFLOPs: 3.99, Samples/sec: 0.38, Time/seq 2.62s, Batch Size: 1, Sequence Length: 512
Epoch: 0, Step: 153, Rank: 1, loss = 1.4228121042251587
Epoch: 0, Step: 153, Rank: 0, loss = 1.523237705230713
Model Parameters: 6.927 B, Latency: 2.53s, TFLOPs: 4.14, Samples/sec: 0.40, Time/seq 2.53s, Batch Size: 1, Sequence Length: 512
Epoch: 0, Step: 154, Rank: 0, loss = 1.1984504461288452
Epoch: 0, Step: 154, Rank: 1, loss = 1.4866163730621338
Model Parameters: 6.927 B, Latency: 2.58s, TFLOPs: 4.05, Samples/sec: 0.39, Time/seq 2.58s, Batch Size: 1, Sequence Length: 512
Epoch: 0, Step: 155, Rank: 0, loss = 1.5105682611465454
Epoch: 0, Step: 155, Rank: 1, loss = 1.5055148601531982
Model Parameters: 6.927 B, Latency: 2.56s, TFLOPs: 4.09, Samples/sec: 0.39, Time/seq 2.56s, Batch Size: 1, Sequence Length: 512
Epoch: 0, Step: 156, Rank: 1, loss = 1.569587230682373Epoch: 0, Step: 156, Rank: 0, loss = 0.849745512008667

Model Parameters: 6.927 B, Latency: 2.62s, TFLOPs: 3.99, Samples/sec: 0.38, Time/seq 2.62s, Batch Size: 1, Sequence Length: 512
Epoch: 0, Step: 157, Rank: 1, loss = 0.8171141743659973
Epoch: 0, Step: 157, Rank: 0, loss = 1.5475332736968994
Model Parameters: 6.927 B, Latency: 2.53s, TFLOPs: 4.13, Samples/sec: 0.39, Time/seq 2.53s, Batch Size: 1, Sequence Length: 512
Epoch: 0, Step: 158, Rank: 1, loss = 1.6845924854278564
Epoch: 0, Step: 158, Rank: 0, loss = 1.7521586418151855
Model Parameters: 6.927 B, Latency: 2.53s, TFLOPs: 4.14, Samples/sec: 0.40, Time/seq 2.53s, Batch Size: 1, Sequence Length: 512
Epoch: 0, Step: 159, Rank: 1, loss = 1.778755784034729
Epoch: 0, Step: 159, Rank: 0, loss = 1.6918915510177612
Model Parameters: 6.927 B, Latency: 2.56s, TFLOPs: 4.09, Samples/sec: 0.39, Time/seq 2.56s, Batch Size: 1, Sequence Length: 512
Epoch: 0, Step: 160, Rank: 1, loss = 1.6084340810775757Epoch: 0, Step: 160, Rank: 0, loss = 1.5410221815109253

Model Parameters: 6.927 B, Latency: 2.62s, TFLOPs: 4.00, Samples/sec: 0.38, Time/seq 2.62s, Batch Size: 1, Sequence Length: 512
Epoch: 0, Step: 161, Rank: 0, loss = 1.266711711883545
Epoch: 0, Step: 161, Rank: 1, loss = 1.5867493152618408
Model Parameters: 6.927 B, Latency: 2.53s, TFLOPs: 4.13, Samples/sec: 0.40, Time/seq 2.53s, Batch Size: 1, Sequence Length: 512
Epoch: 0, Step: 162, Rank: 1, loss = 1.4928110837936401
Epoch: 0, Step: 162, Rank: 0, loss = 1.1291117668151855
Model Parameters: 6.927 B, Latency: 2.53s, TFLOPs: 4.14, Samples/sec: 0.40, Time/seq 2.53s, Batch Size: 1, Sequence Length: 512
Epoch: 0, Step: 163, Rank: 0, loss = 0.7799544930458069
Epoch: 0, Step: 163, Rank: 1, loss = 1.8053607940673828
Model Parameters: 6.927 B, Latency: 2.56s, TFLOPs: 4.09, Samples/sec: 0.39, Time/seq 2.56s, Batch Size: 1, Sequence Length: 512
Epoch: 0, Step: 164, Rank: 1, loss = 1.5000978708267212Epoch: 0, Step: 164, Rank: 0, loss = 1.3015153408050537

Model Parameters: 6.927 B, Latency: 2.63s, TFLOPs: 3.99, Samples/sec: 0.38, Time/seq 2.63s, Batch Size: 1, Sequence Length: 512
Epoch: 0, Step: 165, Rank: 0, loss = 1.494314432144165
Epoch: 0, Step: 165, Rank: 1, loss = 0.8905472159385681
Model Parameters: 6.927 B, Latency: 2.54s, TFLOPs: 4.13, Samples/sec: 0.39, Time/seq 2.54s, Batch Size: 1, Sequence Length: 512
Epoch: 0, Step: 166, Rank: 1, loss = 1.2137303352355957
Epoch: 0, Step: 166, Rank: 0, loss = 1.296879529953003
Model Parameters: 6.927 B, Latency: 2.53s, TFLOPs: 4.14, Samples/sec: 0.40, Time/seq 2.53s, Batch Size: 1, Sequence Length: 512
Epoch: 0, Step: 167, Rank: 1, loss = 1.3800863027572632
Epoch: 0, Step: 167, Rank: 0, loss = 1.4804688692092896
Model Parameters: 6.927 B, Latency: 2.56s, TFLOPs: 4.09, Samples/sec: 0.39, Time/seq 2.56s, Batch Size: 1, Sequence Length: 512
Epoch: 0, Step: 168, Rank: 0, loss = 1.305346965789795
Epoch: 0, Step: 168, Rank: 1, loss = 1.4267171621322632
Model Parameters: 6.927 B, Latency: 2.63s, TFLOPs: 3.99, Samples/sec: 0.38, Time/seq 2.63s, Batch Size: 1, Sequence Length: 512
Epoch: 0, Step: 169, Rank: 0, loss = 1.550247073173523Epoch: 0, Step: 169, Rank: 1, loss = 1.4979825019836426

Model Parameters: 6.927 B, Latency: 2.53s, TFLOPs: 4.13, Samples/sec: 0.39, Time/seq 2.53s, Batch Size: 1, Sequence Length: 512
Epoch: 0, Step: 170, Rank: 0, loss = 1.5719152688980103Epoch: 0, Step: 170, Rank: 1, loss = 1.8220664262771606

Model Parameters: 6.927 B, Latency: 2.52s, TFLOPs: 4.15, Samples/sec: 0.40, Time/seq 2.52s, Batch Size: 1, Sequence Length: 512
Epoch: 0, Step: 171, Rank: 1, loss = 1.6797722578048706
Epoch: 0, Step: 171, Rank: 0, loss = 1.8197022676467896
Model Parameters: 6.927 B, Latency: 2.56s, TFLOPs: 4.09, Samples/sec: 0.39, Time/seq 2.56s, Batch Size: 1, Sequence Length: 512
Epoch: 0, Step: 172, Rank: 0, loss = 1.5495439767837524Epoch: 0, Step: 172, Rank: 1, loss = 1.4973554611206055

Model Parameters: 6.927 B, Latency: 2.62s, TFLOPs: 3.99, Samples/sec: 0.38, Time/seq 2.62s, Batch Size: 1, Sequence Length: 512
Epoch: 0, Step: 173, Rank: 0, loss = 1.282046914100647
Epoch: 0, Step: 173, Rank: 1, loss = 1.3684108257293701
Model Parameters: 6.927 B, Latency: 2.54s, TFLOPs: 4.11, Samples/sec: 0.39, Time/seq 2.54s, Batch Size: 1, Sequence Length: 512
Epoch: 0, Step: 174, Rank: 1, loss = 1.9072990417480469
Epoch: 0, Step: 174, Rank: 0, loss = 1.7501951456069946
Model Parameters: 6.927 B, Latency: 2.53s, TFLOPs: 4.14, Samples/sec: 0.40, Time/seq 2.53s, Batch Size: 1, Sequence Length: 512
Epoch: 0, Step: 175, Rank: 1, loss = 1.3661831617355347
Epoch: 0, Step: 175, Rank: 0, loss = 1.2354018688201904
Model Parameters: 6.927 B, Latency: 2.55s, TFLOPs: 4.10, Samples/sec: 0.39, Time/seq 2.55s, Batch Size: 1, Sequence Length: 512
Epoch: 0, Step: 176, Rank: 0, loss = 1.7238062620162964Epoch: 0, Step: 176, Rank: 1, loss = 1.3889012336730957

Model Parameters: 6.927 B, Latency: 2.62s, TFLOPs: 4.00, Samples/sec: 0.38, Time/seq 2.62s, Batch Size: 1, Sequence Length: 512
Epoch: 0, Step: 177, Rank: 0, loss = 1.5296552181243896
Epoch: 0, Step: 177, Rank: 1, loss = 1.8206013441085815
Model Parameters: 6.927 B, Latency: 2.53s, TFLOPs: 4.13, Samples/sec: 0.39, Time/seq 2.53s, Batch Size: 1, Sequence Length: 512
Epoch: 0, Step: 178, Rank: 1, loss = 1.370647668838501
Epoch: 0, Step: 178, Rank: 0, loss = 1.8125473260879517
Model Parameters: 6.927 B, Latency: 2.54s, TFLOPs: 4.12, Samples/sec: 0.39, Time/seq 2.54s, Batch Size: 1, Sequence Length: 512
Epoch: 0, Step: 179, Rank: 1, loss = 1.773573875427246
Epoch: 0, Step: 179, Rank: 0, loss = 1.2202874422073364
Model Parameters: 6.927 B, Latency: 2.55s, TFLOPs: 4.11, Samples/sec: 0.39, Time/seq 2.55s, Batch Size: 1, Sequence Length: 512
Epoch: 0, Step: 180, Rank: 1, loss = 1.1742620468139648Epoch: 0, Step: 180, Rank: 0, loss = 1.1646727323532104

Model Parameters: 6.927 B, Latency: 2.62s, TFLOPs: 3.99, Samples/sec: 0.38, Time/seq 2.62s, Batch Size: 1, Sequence Length: 512
Epoch: 0, Step: 181, Rank: 0, loss = 1.3692882061004639
Epoch: 0, Step: 181, Rank: 1, loss = 1.3550591468811035
Model Parameters: 6.927 B, Latency: 2.54s, TFLOPs: 4.12, Samples/sec: 0.39, Time/seq 2.54s, Batch Size: 1, Sequence Length: 512
Epoch: 0, Step: 182, Rank: 1, loss = 1.5919865369796753
Epoch: 0, Step: 182, Rank: 0, loss = 1.7075526714324951
Model Parameters: 6.927 B, Latency: 2.54s, TFLOPs: 4.12, Samples/sec: 0.39, Time/seq 2.54s, Batch Size: 1, Sequence Length: 512
Epoch: 0, Step: 183, Rank: 0, loss = 1.208120584487915
Epoch: 0, Step: 183, Rank: 1, loss = 1.3835365772247314
Model Parameters: 6.927 B, Latency: 2.55s, TFLOPs: 4.10, Samples/sec: 0.39, Time/seq 2.55s, Batch Size: 1, Sequence Length: 512
Epoch: 0, Step: 184, Rank: 1, loss = 1.6974983215332031Epoch: 0, Step: 184, Rank: 0, loss = 1.653743028640747

Model Parameters: 6.927 B, Latency: 2.62s, TFLOPs: 4.00, Samples/sec: 0.38, Time/seq 2.62s, Batch Size: 1, Sequence Length: 512
Epoch: 0, Step: 185, Rank: 1, loss = 1.788286805152893
Epoch: 0, Step: 185, Rank: 0, loss = 1.1972081661224365
Model Parameters: 6.927 B, Latency: 2.53s, TFLOPs: 4.14, Samples/sec: 0.40, Time/seq 2.53s, Batch Size: 1, Sequence Length: 512
Epoch: 0, Step: 186, Rank: 0, loss = 1.1794953346252441Epoch: 0, Step: 186, Rank: 1, loss = 1.5502113103866577

Model Parameters: 6.927 B, Latency: 2.53s, TFLOPs: 4.13, Samples/sec: 0.39, Time/seq 2.53s, Batch Size: 1, Sequence Length: 512
Epoch: 0, Step: 187, Rank: 0, loss = 1.8069233894348145
Epoch: 0, Step: 187, Rank: 1, loss = 1.5773872137069702
Model Parameters: 6.927 B, Latency: 2.55s, TFLOPs: 4.10, Samples/sec: 0.39, Time/seq 2.55s, Batch Size: 1, Sequence Length: 512
Epoch: 0, Step: 188, Rank: 0, loss = 1.5127514600753784Epoch: 0, Step: 188, Rank: 1, loss = 1.7052701711654663

Model Parameters: 6.927 B, Latency: 2.62s, TFLOPs: 3.99, Samples/sec: 0.38, Time/seq 2.62s, Batch Size: 1, Sequence Length: 512
Epoch: 0, Step: 189, Rank: 0, loss = 1.6399787664413452
Epoch: 0, Step: 189, Rank: 1, loss = 1.5066192150115967
Model Parameters: 6.927 B, Latency: 2.53s, TFLOPs: 4.13, Samples/sec: 0.39, Time/seq 2.53s, Batch Size: 1, Sequence Length: 512
Epoch: 0, Step: 190, Rank: 1, loss = 1.2108560800552368
Epoch: 0, Step: 190, Rank: 0, loss = 1.4595211744308472
Model Parameters: 6.927 B, Latency: 2.53s, TFLOPs: 4.13, Samples/sec: 0.39, Time/seq 2.53s, Batch Size: 1, Sequence Length: 512
Epoch: 0, Step: 191, Rank: 0, loss = 1.5473440885543823
Epoch: 0, Step: 191, Rank: 1, loss = 1.7763158082962036
Model Parameters: 6.927 B, Latency: 2.55s, TFLOPs: 4.10, Samples/sec: 0.39, Time/seq 2.55s, Batch Size: 1, Sequence Length: 512
Epoch: 0, Step: 192, Rank: 1, loss = 1.153480887413025
Epoch: 0, Step: 192, Rank: 0, loss = 1.1237142086029053
Model Parameters: 6.927 B, Latency: 2.62s, TFLOPs: 3.99, Samples/sec: 0.38, Time/seq 2.62s, Batch Size: 1, Sequence Length: 512
Epoch: 0, Step: 193, Rank: 0, loss = 1.5597217082977295
Epoch: 0, Step: 193, Rank: 1, loss = 1.6465227603912354
Model Parameters: 6.927 B, Latency: 2.53s, TFLOPs: 4.13, Samples/sec: 0.39, Time/seq 2.53s, Batch Size: 1, Sequence Length: 512
Epoch: 0, Step: 194, Rank: 0, loss = 2.0567262172698975
Epoch: 0, Step: 194, Rank: 1, loss = 1.6246414184570312
Model Parameters: 6.927 B, Latency: 2.53s, TFLOPs: 4.13, Samples/sec: 0.39, Time/seq 2.53s, Batch Size: 1, Sequence Length: 512
Epoch: 0, Step: 195, Rank: 0, loss = 0.9948143362998962Epoch: 0, Step: 195, Rank: 1, loss = 1.453625202178955

Model Parameters: 6.927 B, Latency: 2.55s, TFLOPs: 4.11, Samples/sec: 0.39, Time/seq 2.55s, Batch Size: 1, Sequence Length: 512
Epoch: 0, Step: 196, Rank: 0, loss = 1.5836261510849Epoch: 0, Step: 196, Rank: 1, loss = 1.5352219343185425

Model Parameters: 6.927 B, Latency: 2.63s, TFLOPs: 3.98, Samples/sec: 0.38, Time/seq 2.63s, Batch Size: 1, Sequence Length: 512
Epoch: 0, Step: 197, Rank: 1, loss = 0.9894224405288696
Epoch: 0, Step: 197, Rank: 0, loss = 1.6959842443466187
Model Parameters: 6.927 B, Latency: 2.54s, TFLOPs: 4.12, Samples/sec: 0.39, Time/seq 2.54s, Batch Size: 1, Sequence Length: 512
Epoch: 0, Step: 198, Rank: 0, loss = 1.0604190826416016
Epoch: 0, Step: 198, Rank: 1, loss = 1.438796877861023
Model Parameters: 6.927 B, Latency: 2.53s, TFLOPs: 4.13, Samples/sec: 0.39, Time/seq 2.53s, Batch Size: 1, Sequence Length: 512
Epoch: 0, Step: 199, Rank: 0, loss = 1.5658459663391113
Epoch: 0, Step: 199, Rank: 1, loss = 1.5323352813720703
Model Parameters: 6.927 B, Latency: 2.56s, TFLOPs: 4.09, Samples/sec: 0.39, Time/seq 2.56s, Batch Size: 1, Sequence Length: 512
Epoch: 0, Step: 200, Rank: 1, loss = 1.601678490638733Epoch: 0, Step: 200, Rank: 0, loss = 1.3351606130599976

Model Parameters: 6.927 B, Latency: 2.61s, TFLOPs: 4.01, Samples/sec: 0.38, Time/seq 2.61s, Batch Size: 1, Sequence Length: 512
Epoch: 0, Step: 201, Rank: 1, loss = 1.259766697883606
Epoch: 0, Step: 201, Rank: 0, loss = 1.417063593864441
Model Parameters: 6.927 B, Latency: 2.54s, TFLOPs: 4.13, Samples/sec: 0.39, Time/seq 2.54s, Batch Size: 1, Sequence Length: 512
Epoch: 0, Step: 202, Rank: 0, loss = 1.5866742134094238
Epoch: 0, Step: 202, Rank: 1, loss = 1.5737593173980713
Model Parameters: 6.927 B, Latency: 2.54s, TFLOPs: 4.13, Samples/sec: 0.39, Time/seq 2.54s, Batch Size: 1, Sequence Length: 512
Epoch: 0, Step: 203, Rank: 0, loss = 1.361568808555603
Epoch: 0, Step: 203, Rank: 1, loss = 1.7500938177108765
Model Parameters: 6.927 B, Latency: 2.55s, TFLOPs: 4.10, Samples/sec: 0.39, Time/seq 2.55s, Batch Size: 1, Sequence Length: 512
Epoch: 0, Step: 204, Rank: 1, loss = 1.7660853862762451Epoch: 0, Step: 204, Rank: 0, loss = 0.9280890226364136

Model Parameters: 6.927 B, Latency: 2.62s, TFLOPs: 4.00, Samples/sec: 0.38, Time/seq 2.62s, Batch Size: 1, Sequence Length: 512
Epoch: 0, Step: 205, Rank: 1, loss = 1.5816553831100464Epoch: 0, Step: 205, Rank: 0, loss = 1.3885797262191772

Model Parameters: 6.927 B, Latency: 2.53s, TFLOPs: 4.13, Samples/sec: 0.39, Time/seq 2.53s, Batch Size: 1, Sequence Length: 512
Epoch: 0, Step: 206, Rank: 0, loss = 1.4735172986984253
Epoch: 0, Step: 206, Rank: 1, loss = 1.212191104888916
Model Parameters: 6.927 B, Latency: 2.54s, TFLOPs: 4.12, Samples/sec: 0.39, Time/seq 2.54s, Batch Size: 1, Sequence Length: 512
Epoch: 0, Step: 207, Rank: 1, loss = 1.2176287174224854
Epoch: 0, Step: 207, Rank: 0, loss = 1.6670475006103516
Model Parameters: 6.927 B, Latency: 2.55s, TFLOPs: 4.10, Samples/sec: 0.39, Time/seq 2.55s, Batch Size: 1, Sequence Length: 512
Epoch: 0, Step: 208, Rank: 0, loss = 1.6825947761535645
Epoch: 0, Step: 208, Rank: 1, loss = 1.4753401279449463
Model Parameters: 6.927 B, Latency: 2.61s, TFLOPs: 4.01, Samples/sec: 0.38, Time/seq 2.61s, Batch Size: 1, Sequence Length: 512
Epoch: 0, Step: 209, Rank: 1, loss = 0.914447009563446
Epoch: 0, Step: 209, Rank: 0, loss = 1.5008710622787476
Model Parameters: 6.927 B, Latency: 2.53s, TFLOPs: 4.13, Samples/sec: 0.39, Time/seq 2.53s, Batch Size: 1, Sequence Length: 512
Epoch: 0, Step: 210, Rank: 1, loss = 1.940370798110962
Epoch: 0, Step: 210, Rank: 0, loss = 1.499726414680481
Model Parameters: 6.927 B, Latency: 2.54s, TFLOPs: 4.13, Samples/sec: 0.39, Time/seq 2.54s, Batch Size: 1, Sequence Length: 512
Epoch: 0, Step: 211, Rank: 0, loss = 1.7526025772094727
Epoch: 0, Step: 211, Rank: 1, loss = 1.5496822595596313
Model Parameters: 6.927 B, Latency: 2.56s, TFLOPs: 4.10, Samples/sec: 0.39, Time/seq 2.56s, Batch Size: 1, Sequence Length: 512
Epoch: 0, Step: 212, Rank: 0, loss = 1.2783890962600708
Epoch: 0, Step: 212, Rank: 1, loss = 1.7281572818756104
Model Parameters: 6.927 B, Latency: 2.62s, TFLOPs: 4.00, Samples/sec: 0.38, Time/seq 2.62s, Batch Size: 1, Sequence Length: 512
Epoch: 0, Step: 213, Rank: 1, loss = 1.1321483850479126
Epoch: 0, Step: 213, Rank: 0, loss = 0.9033874869346619
Model Parameters: 6.927 B, Latency: 2.54s, TFLOPs: 4.13, Samples/sec: 0.39, Time/seq 2.54s, Batch Size: 1, Sequence Length: 512
Epoch: 0, Step: 214, Rank: 1, loss = 1.220607876777649
Epoch: 0, Step: 214, Rank: 0, loss = 1.1956205368041992
Model Parameters: 6.927 B, Latency: 2.54s, TFLOPs: 4.12, Samples/sec: 0.39, Time/seq 2.54s, Batch Size: 1, Sequence Length: 512
Epoch: 0, Step: 215, Rank: 1, loss = 1.2712398767471313
Epoch: 0, Step: 215, Rank: 0, loss = 1.654698371887207
Model Parameters: 6.927 B, Latency: 2.56s, TFLOPs: 4.08, Samples/sec: 0.39, Time/seq 2.56s, Batch Size: 1, Sequence Length: 512
Epoch: 0, Step: 216, Rank: 0, loss = 1.3332468271255493
Epoch: 0, Step: 216, Rank: 1, loss = 1.8603943586349487
Model Parameters: 6.927 B, Latency: 2.61s, TFLOPs: 4.01, Samples/sec: 0.38, Time/seq 2.61s, Batch Size: 1, Sequence Length: 512
Epoch: 0, Step: 217, Rank: 0, loss = 1.5205435752868652
Epoch: 0, Step: 217, Rank: 1, loss = 0.7464559674263
Model Parameters: 6.927 B, Latency: 2.53s, TFLOPs: 4.13, Samples/sec: 0.39, Time/seq 2.53s, Batch Size: 1, Sequence Length: 512
Epoch: 0, Step: 218, Rank: 0, loss = 1.6554830074310303Epoch: 0, Step: 218, Rank: 1, loss = 1.8707343339920044

Model Parameters: 6.927 B, Latency: 2.53s, TFLOPs: 4.13, Samples/sec: 0.39, Time/seq 2.53s, Batch Size: 1, Sequence Length: 512
Epoch: 0, Step: 219, Rank: 0, loss = 1.6519008874893188
Epoch: 0, Step: 219, Rank: 1, loss = 1.1064726114273071
Model Parameters: 6.927 B, Latency: 2.55s, TFLOPs: 4.10, Samples/sec: 0.39, Time/seq 2.55s, Batch Size: 1, Sequence Length: 512
Epoch: 0, Step: 220, Rank: 0, loss = 1.8297218084335327
Epoch: 0, Step: 220, Rank: 1, loss = 1.414054274559021
Model Parameters: 6.927 B, Latency: 2.62s, TFLOPs: 3.99, Samples/sec: 0.38, Time/seq 2.62s, Batch Size: 1, Sequence Length: 512
Epoch: 0, Step: 221, Rank: 0, loss = 1.647098422050476
Epoch: 0, Step: 221, Rank: 1, loss = 1.7634092569351196
Model Parameters: 6.927 B, Latency: 2.53s, TFLOPs: 4.14, Samples/sec: 0.40, Time/seq 2.53s, Batch Size: 1, Sequence Length: 512
Epoch: 0, Step: 222, Rank: 1, loss = 1.2200922966003418
Epoch: 0, Step: 222, Rank: 0, loss = 1.478366732597351
Model Parameters: 6.927 B, Latency: 2.53s, TFLOPs: 4.13, Samples/sec: 0.39, Time/seq 2.53s, Batch Size: 1, Sequence Length: 512
Epoch: 0, Step: 223, Rank: 0, loss = 1.0812363624572754
Epoch: 0, Step: 223, Rank: 1, loss = 1.5643187761306763
Model Parameters: 6.927 B, Latency: 2.56s, TFLOPs: 4.09, Samples/sec: 0.39, Time/seq 2.56s, Batch Size: 1, Sequence Length: 512
Epoch: 0, Step: 224, Rank: 0, loss = 1.469754934310913
Epoch: 0, Step: 224, Rank: 1, loss = 1.4436290264129639
Model Parameters: 6.927 B, Latency: 2.62s, TFLOPs: 3.99, Samples/sec: 0.38, Time/seq 2.62s, Batch Size: 1, Sequence Length: 512
Epoch: 0, Step: 225, Rank: 1, loss = 1.1085941791534424
Epoch: 0, Step: 225, Rank: 0, loss = 1.2044148445129395
Model Parameters: 6.927 B, Latency: 2.52s, TFLOPs: 4.15, Samples/sec: 0.40, Time/seq 2.52s, Batch Size: 1, Sequence Length: 512
Epoch: 0, Step: 226, Rank: 0, loss = 1.3009140491485596
Epoch: 0, Step: 226, Rank: 1, loss = 1.6142420768737793
Model Parameters: 6.927 B, Latency: 2.54s, TFLOPs: 4.13, Samples/sec: 0.39, Time/seq 2.54s, Batch Size: 1, Sequence Length: 512
Epoch: 0, Step: 227, Rank: 0, loss = 1.7034016847610474
Epoch: 0, Step: 227, Rank: 1, loss = 1.4534028768539429
Model Parameters: 6.927 B, Latency: 2.56s, TFLOPs: 4.10, Samples/sec: 0.39, Time/seq 2.56s, Batch Size: 1, Sequence Length: 512
Epoch: 0, Step: 228, Rank: 0, loss = 1.3226282596588135Epoch: 0, Step: 228, Rank: 1, loss = 1.618544578552246

Model Parameters: 6.927 B, Latency: 2.62s, TFLOPs: 3.99, Samples/sec: 0.38, Time/seq 2.62s, Batch Size: 1, Sequence Length: 512
Epoch: 0, Step: 229, Rank: 1, loss = 1.207249402999878
Epoch: 0, Step: 229, Rank: 0, loss = 1.471041202545166
Model Parameters: 6.927 B, Latency: 2.53s, TFLOPs: 4.13, Samples/sec: 0.39, Time/seq 2.53s, Batch Size: 1, Sequence Length: 512
Epoch: 0, Step: 230, Rank: 0, loss = 1.6870492696762085
Epoch: 0, Step: 230, Rank: 1, loss = 1.5126290321350098
Model Parameters: 6.927 B, Latency: 2.53s, TFLOPs: 4.13, Samples/sec: 0.39, Time/seq 2.53s, Batch Size: 1, Sequence Length: 512
Epoch: 0, Step: 231, Rank: 0, loss = 1.4001508951187134
Epoch: 0, Step: 231, Rank: 1, loss = 1.6188569068908691
Model Parameters: 6.927 B, Latency: 2.55s, TFLOPs: 4.10, Samples/sec: 0.39, Time/seq 2.55s, Batch Size: 1, Sequence Length: 512
Epoch: 0, Step: 232, Rank: 1, loss = 1.600596308708191Epoch: 0, Step: 232, Rank: 0, loss = 1.4780542850494385

Model Parameters: 6.927 B, Latency: 2.62s, TFLOPs: 4.00, Samples/sec: 0.38, Time/seq 2.62s, Batch Size: 1, Sequence Length: 512
Epoch: 0, Step: 233, Rank: 1, loss = 1.4652074575424194
Epoch: 0, Step: 233, Rank: 0, loss = 1.4776180982589722
Model Parameters: 6.927 B, Latency: 2.53s, TFLOPs: 4.14, Samples/sec: 0.40, Time/seq 2.53s, Batch Size: 1, Sequence Length: 512
Epoch: 0, Step: 234, Rank: 0, loss = 1.4033664464950562
Epoch: 0, Step: 234, Rank: 1, loss = 1.6572990417480469
Model Parameters: 6.927 B, Latency: 2.54s, TFLOPs: 4.12, Samples/sec: 0.39, Time/seq 2.54s, Batch Size: 1, Sequence Length: 512
Epoch: 0, Step: 235, Rank: 1, loss = 1.0598169565200806
Epoch: 0, Step: 235, Rank: 0, loss = 1.4696441888809204
Model Parameters: 6.927 B, Latency: 2.56s, TFLOPs: 4.10, Samples/sec: 0.39, Time/seq 2.56s, Batch Size: 1, Sequence Length: 512
Epoch: 0, Step: 236, Rank: 0, loss = 1.2811639308929443
Epoch: 0, Step: 236, Rank: 1, loss = 1.199196457862854
Model Parameters: 6.927 B, Latency: 2.62s, TFLOPs: 3.99, Samples/sec: 0.38, Time/seq 2.62s, Batch Size: 1, Sequence Length: 512
Epoch: 0, Step: 237, Rank: 0, loss = 1.4481910467147827
Epoch: 0, Step: 237, Rank: 1, loss = 1.3824670314788818
Model Parameters: 6.927 B, Latency: 2.53s, TFLOPs: 4.14, Samples/sec: 0.40, Time/seq 2.53s, Batch Size: 1, Sequence Length: 512
Epoch: 0, Step: 238, Rank: 0, loss = 1.5367358922958374
Epoch: 0, Step: 238, Rank: 1, loss = 1.4338114261627197
Model Parameters: 6.927 B, Latency: 2.54s, TFLOPs: 4.12, Samples/sec: 0.39, Time/seq 2.54s, Batch Size: 1, Sequence Length: 512
Epoch: 0, Step: 239, Rank: 1, loss = 1.7832157611846924
Epoch: 0, Step: 239, Rank: 0, loss = 1.255008339881897
Model Parameters: 6.927 B, Latency: 2.56s, TFLOPs: 4.10, Samples/sec: 0.39, Time/seq 2.56s, Batch Size: 1, Sequence Length: 512
Epoch: 0, Step: 240, Rank: 0, loss = 1.3672704696655273Epoch: 0, Step: 240, Rank: 1, loss = 1.0820029973983765

Model Parameters: 6.927 B, Latency: 2.62s, TFLOPs: 4.00, Samples/sec: 0.38, Time/seq 2.62s, Batch Size: 1, Sequence Length: 512
Epoch: 0, Step: 241, Rank: 0, loss = 1.7219234704971313
Epoch: 0, Step: 241, Rank: 1, loss = 1.4416581392288208
Model Parameters: 6.927 B, Latency: 2.53s, TFLOPs: 4.14, Samples/sec: 0.40, Time/seq 2.53s, Batch Size: 1, Sequence Length: 512
Epoch: 0, Step: 242, Rank: 1, loss = 1.5734485387802124
Epoch: 0, Step: 242, Rank: 0, loss = 0.8353856801986694
Model Parameters: 6.927 B, Latency: 2.53s, TFLOPs: 4.13, Samples/sec: 0.39, Time/seq 2.53s, Batch Size: 1, Sequence Length: 512
Epoch: 0, Step: 243, Rank: 1, loss = 1.2356722354888916
Epoch: 0, Step: 243, Rank: 0, loss = 1.4551597833633423
Model Parameters: 6.927 B, Latency: 2.56s, TFLOPs: 4.09, Samples/sec: 0.39, Time/seq 2.56s, Batch Size: 1, Sequence Length: 512
Epoch: 0, Step: 244, Rank: 1, loss = 1.4437294006347656Epoch: 0, Step: 244, Rank: 0, loss = 1.3623080253601074

Model Parameters: 6.927 B, Latency: 2.62s, TFLOPs: 4.00, Samples/sec: 0.38, Time/seq 2.62s, Batch Size: 1, Sequence Length: 512
Epoch: 0, Step: 245, Rank: 0, loss = 1.3076066970825195Epoch: 0, Step: 245, Rank: 1, loss = 1.407020926475525

Model Parameters: 6.927 B, Latency: 2.53s, TFLOPs: 4.14, Samples/sec: 0.40, Time/seq 2.53s, Batch Size: 1, Sequence Length: 512
Epoch: 0, Step: 246, Rank: 1, loss = 1.4441449642181396Epoch: 0, Step: 246, Rank: 0, loss = 1.1364799737930298

Model Parameters: 6.927 B, Latency: 2.54s, TFLOPs: 4.13, Samples/sec: 0.39, Time/seq 2.54s, Batch Size: 1, Sequence Length: 512
Epoch: 0, Step: 247, Rank: 1, loss = 1.6039892435073853
Epoch: 0, Step: 247, Rank: 0, loss = 1.390807867050171
Model Parameters: 6.927 B, Latency: 2.56s, TFLOPs: 4.09, Samples/sec: 0.39, Time/seq 2.56s, Batch Size: 1, Sequence Length: 512
Epoch: 0, Step: 248, Rank: 0, loss = 1.6636909246444702Epoch: 0, Step: 248, Rank: 1, loss = 1.6873266696929932

Model Parameters: 6.927 B, Latency: 2.62s, TFLOPs: 3.99, Samples/sec: 0.38, Time/seq 2.62s, Batch Size: 1, Sequence Length: 512
Epoch: 0, Step: 249, Rank: 1, loss = 1.291143536567688
Epoch: 0, Step: 249, Rank: 0, loss = 1.2445205450057983
Model Parameters: 6.927 B, Latency: 2.53s, TFLOPs: 4.14, Samples/sec: 0.40, Time/seq 2.53s, Batch Size: 1, Sequence Length: 512
Epoch: 0, Step: 250, Rank: 0, loss = 1.378275990486145
Epoch: 0, Step: 250, Rank: 1, loss = 1.3899275064468384
Model Parameters: 6.927 B, Latency: 2.62s, TFLOPs: 4.00, Samples/sec: 0.38, Time/seq 2.62s, Batch Size: 1, Sequence Length: 512
Epoch: 0, Step: 251, Rank: 1, loss = 1.2643091678619385
Epoch: 0, Step: 251, Rank: 0, loss = 1.901412010192871
Model Parameters: 6.927 B, Latency: 2.57s, TFLOPs: 4.08, Samples/sec: 0.39, Time/seq 2.57s, Batch Size: 1, Sequence Length: 512
Epoch: 0, Step: 252, Rank: 0, loss = 1.392092227935791Epoch: 0, Step: 252, Rank: 1, loss = 1.6588369607925415

Model Parameters: 6.927 B, Latency: 2.63s, TFLOPs: 3.99, Samples/sec: 0.38, Time/seq 2.63s, Batch Size: 1, Sequence Length: 512
Epoch: 0, Step: 253, Rank: 0, loss = 1.5135406255722046
Epoch: 0, Step: 253, Rank: 1, loss = 1.36297607421875
Model Parameters: 6.927 B, Latency: 2.54s, TFLOPs: 4.13, Samples/sec: 0.39, Time/seq 2.54s, Batch Size: 1, Sequence Length: 512
Epoch: 0, Step: 254, Rank: 1, loss = 0.9756578803062439
Epoch: 0, Step: 254, Rank: 0, loss = 1.7277165651321411
Model Parameters: 6.927 B, Latency: 2.53s, TFLOPs: 4.13, Samples/sec: 0.39, Time/seq 2.53s, Batch Size: 1, Sequence Length: 512
Epoch: 0, Step: 255, Rank: 1, loss = 1.091601848602295
Epoch: 0, Step: 255, Rank: 0, loss = 1.5896978378295898
Model Parameters: 6.927 B, Latency: 2.56s, TFLOPs: 4.10, Samples/sec: 0.39, Time/seq 2.56s, Batch Size: 1, Sequence Length: 512
Epoch: 0, Step: 256, Rank: 0, loss = 0.9730353355407715
Epoch: 0, Step: 256, Rank: 1, loss = 1.1131219863891602
Model Parameters: 6.927 B, Latency: 2.62s, TFLOPs: 3.99, Samples/sec: 0.38, Time/seq 2.62s, Batch Size: 1, Sequence Length: 512
Epoch: 0, Step: 257, Rank: 0, loss = 1.5014768838882446
Epoch: 0, Step: 257, Rank: 1, loss = 1.6916900873184204
Model Parameters: 6.927 B, Latency: 2.54s, TFLOPs: 4.13, Samples/sec: 0.39, Time/seq 2.54s, Batch Size: 1, Sequence Length: 512
Epoch: 0, Step: 258, Rank: 0, loss = 1.4808614253997803
Epoch: 0, Step: 258, Rank: 1, loss = 1.9418907165527344
Model Parameters: 6.927 B, Latency: 2.53s, TFLOPs: 4.14, Samples/sec: 0.40, Time/seq 2.53s, Batch Size: 1, Sequence Length: 512
Epoch: 0, Step: 259, Rank: 1, loss = 1.6600145101547241Epoch: 0, Step: 259, Rank: 0, loss = 1.6646093130111694

Model Parameters: 6.927 B, Latency: 2.55s, TFLOPs: 4.10, Samples/sec: 0.39, Time/seq 2.55s, Batch Size: 1, Sequence Length: 512
Epoch: 0, Step: 260, Rank: 0, loss = 1.3619742393493652
Epoch: 0, Step: 260, Rank: 1, loss = 1.7920043468475342
Model Parameters: 6.927 B, Latency: 2.62s, TFLOPs: 4.00, Samples/sec: 0.38, Time/seq 2.62s, Batch Size: 1, Sequence Length: 512
Epoch: 0, Step: 261, Rank: 0, loss = 1.0841727256774902
Epoch: 0, Step: 261, Rank: 1, loss = 1.4839427471160889
Model Parameters: 6.927 B, Latency: 2.54s, TFLOPs: 4.12, Samples/sec: 0.39, Time/seq 2.54s, Batch Size: 1, Sequence Length: 512
Epoch: 0, Step: 262, Rank: 1, loss = 1.2665233612060547
Epoch: 0, Step: 262, Rank: 0, loss = 1.133675456047058
Model Parameters: 6.927 B, Latency: 2.53s, TFLOPs: 4.14, Samples/sec: 0.40, Time/seq 2.53s, Batch Size: 1, Sequence Length: 512
Epoch: 0, Step: 263, Rank: 1, loss = 1.4222873449325562
Epoch: 0, Step: 263, Rank: 0, loss = 1.2372068166732788
Model Parameters: 6.927 B, Latency: 2.56s, TFLOPs: 4.09, Samples/sec: 0.39, Time/seq 2.56s, Batch Size: 1, Sequence Length: 512
Epoch: 0, Step: 264, Rank: 1, loss = 1.222281813621521Epoch: 0, Step: 264, Rank: 0, loss = 1.6032145023345947

Model Parameters: 6.927 B, Latency: 2.62s, TFLOPs: 4.00, Samples/sec: 0.38, Time/seq 2.62s, Batch Size: 1, Sequence Length: 512
Epoch: 0, Step: 265, Rank: 1, loss = 1.6238973140716553
Epoch: 0, Step: 265, Rank: 0, loss = 1.533171534538269
Model Parameters: 6.927 B, Latency: 2.54s, TFLOPs: 4.12, Samples/sec: 0.39, Time/seq 2.54s, Batch Size: 1, Sequence Length: 512
Epoch: 0, Step: 266, Rank: 0, loss = 1.4522281885147095
Epoch: 0, Step: 266, Rank: 1, loss = 1.2441819906234741
Model Parameters: 6.927 B, Latency: 2.53s, TFLOPs: 4.13, Samples/sec: 0.40, Time/seq 2.53s, Batch Size: 1, Sequence Length: 512
Epoch: 0, Step: 267, Rank: 1, loss = 1.1167888641357422Epoch: 0, Step: 267, Rank: 0, loss = 1.5355602502822876

Model Parameters: 6.927 B, Latency: 2.56s, TFLOPs: 4.10, Samples/sec: 0.39, Time/seq 2.56s, Batch Size: 1, Sequence Length: 512
Epoch: 0, Step: 268, Rank: 0, loss = 1.3272870779037476
Epoch: 0, Step: 268, Rank: 1, loss = 1.3723540306091309
Model Parameters: 6.927 B, Latency: 2.62s, TFLOPs: 3.99, Samples/sec: 0.38, Time/seq 2.62s, Batch Size: 1, Sequence Length: 512
Epoch: 0, Step: 269, Rank: 1, loss = 2.0056629180908203
Epoch: 0, Step: 269, Rank: 0, loss = 1.3287138938903809
Model Parameters: 6.927 B, Latency: 2.54s, TFLOPs: 4.13, Samples/sec: 0.39, Time/seq 2.54s, Batch Size: 1, Sequence Length: 512
Epoch: 0, Step: 270, Rank: 1, loss = 1.302460789680481
Epoch: 0, Step: 270, Rank: 0, loss = 1.3288627862930298
Model Parameters: 6.927 B, Latency: 2.57s, TFLOPs: 4.08, Samples/sec: 0.39, Time/seq 2.57s, Batch Size: 1, Sequence Length: 512
Epoch: 0, Step: 271, Rank: 1, loss = 1.3281058073043823
Epoch: 0, Step: 271, Rank: 0, loss = 1.1327803134918213
Model Parameters: 6.927 B, Latency: 2.75s, TFLOPs: 3.81, Samples/sec: 0.36, Time/seq 2.75s, Batch Size: 1, Sequence Length: 512
Epoch: 0, Step: 272, Rank: 1, loss = 0.8336367607116699Epoch: 0, Step: 272, Rank: 0, loss = 1.1423407793045044

Model Parameters: 6.927 B, Latency: 2.62s, TFLOPs: 4.00, Samples/sec: 0.38, Time/seq 2.62s, Batch Size: 1, Sequence Length: 512
Epoch: 0, Step: 273, Rank: 1, loss = 1.5711300373077393Epoch: 0, Step: 273, Rank: 0, loss = 1.3377768993377686

Model Parameters: 6.927 B, Latency: 2.54s, TFLOPs: 4.13, Samples/sec: 0.39, Time/seq 2.54s, Batch Size: 1, Sequence Length: 512
Epoch: 0, Step: 274, Rank: 1, loss = 1.9467777013778687
Epoch: 0, Step: 274, Rank: 0, loss = 1.4890282154083252
Model Parameters: 6.927 B, Latency: 2.53s, TFLOPs: 4.14, Samples/sec: 0.40, Time/seq 2.53s, Batch Size: 1, Sequence Length: 512
Epoch: 0, Step: 275, Rank: 0, loss = 1.3297137022018433
Epoch: 0, Step: 275, Rank: 1, loss = 1.3926012516021729
Model Parameters: 6.927 B, Latency: 2.56s, TFLOPs: 4.09, Samples/sec: 0.39, Time/seq 2.56s, Batch Size: 1, Sequence Length: 512
Epoch: 0, Step: 276, Rank: 0, loss = 1.5897464752197266
Epoch: 0, Step: 276, Rank: 1, loss = 1.4033706188201904
Model Parameters: 6.927 B, Latency: 2.62s, TFLOPs: 4.00, Samples/sec: 0.38, Time/seq 2.62s, Batch Size: 1, Sequence Length: 512
Epoch: 0, Step: 277, Rank: 1, loss = 1.574660062789917
Epoch: 0, Step: 277, Rank: 0, loss = 1.5328449010849
Model Parameters: 6.927 B, Latency: 2.53s, TFLOPs: 4.13, Samples/sec: 0.40, Time/seq 2.53s, Batch Size: 1, Sequence Length: 512
Epoch: 0, Step: 278, Rank: 1, loss = 1.5329641103744507
Epoch: 0, Step: 278, Rank: 0, loss = 2.0860986709594727
Model Parameters: 6.927 B, Latency: 2.53s, TFLOPs: 4.13, Samples/sec: 0.40, Time/seq 2.53s, Batch Size: 1, Sequence Length: 512
Epoch: 0, Step: 279, Rank: 0, loss = 1.6278542280197144
Epoch: 0, Step: 279, Rank: 1, loss = 1.5089589357376099
Model Parameters: 6.927 B, Latency: 2.55s, TFLOPs: 4.10, Samples/sec: 0.39, Time/seq 2.55s, Batch Size: 1, Sequence Length: 512
Epoch: 0, Step: 280, Rank: 1, loss = 1.5342296361923218Epoch: 0, Step: 280, Rank: 0, loss = 1.588328242301941

Model Parameters: 6.927 B, Latency: 2.63s, TFLOPs: 3.98, Samples/sec: 0.38, Time/seq 2.63s, Batch Size: 1, Sequence Length: 512
Epoch: 0, Step: 281, Rank: 1, loss = 1.3785117864608765
Epoch: 0, Step: 281, Rank: 0, loss = 1.0481290817260742
Model Parameters: 6.927 B, Latency: 2.53s, TFLOPs: 4.13, Samples/sec: 0.40, Time/seq 2.53s, Batch Size: 1, Sequence Length: 512
Epoch: 0, Step: 282, Rank: 0, loss = 1.5340288877487183
Epoch: 0, Step: 282, Rank: 1, loss = 1.0866141319274902
Model Parameters: 6.927 B, Latency: 2.73s, TFLOPs: 3.84, Samples/sec: 0.37, Time/seq 2.73s, Batch Size: 1, Sequence Length: 512
Epoch: 0, Step: 283, Rank: 1, loss = 1.1546509265899658Epoch: 0, Step: 283, Rank: 0, loss = 1.3157446384429932

Model Parameters: 6.927 B, Latency: 2.55s, TFLOPs: 4.10, Samples/sec: 0.39, Time/seq 2.55s, Batch Size: 1, Sequence Length: 512
Epoch: 0, Step: 284, Rank: 0, loss = 1.477334976196289
Epoch: 0, Step: 284, Rank: 1, loss = 1.1510826349258423
Model Parameters: 6.927 B, Latency: 2.62s, TFLOPs: 3.99, Samples/sec: 0.38, Time/seq 2.62s, Batch Size: 1, Sequence Length: 512
Epoch: 0, Step: 285, Rank: 0, loss = 1.4230780601501465
Epoch: 0, Step: 285, Rank: 1, loss = 1.1105878353118896
Model Parameters: 6.927 B, Latency: 2.54s, TFLOPs: 4.12, Samples/sec: 0.39, Time/seq 2.54s, Batch Size: 1, Sequence Length: 512
Epoch: 0, Step: 286, Rank: 1, loss = 1.644303321838379
Epoch: 0, Step: 286, Rank: 0, loss = 1.530596375465393
Model Parameters: 6.927 B, Latency: 2.53s, TFLOPs: 4.14, Samples/sec: 0.40, Time/seq 2.53s, Batch Size: 1, Sequence Length: 512
Epoch: 0, Step: 287, Rank: 1, loss = 1.554006814956665
Epoch: 0, Step: 287, Rank: 0, loss = 1.5833076238632202
Model Parameters: 6.927 B, Latency: 2.55s, TFLOPs: 4.11, Samples/sec: 0.39, Time/seq 2.55s, Batch Size: 1, Sequence Length: 512
Epoch: 0, Step: 288, Rank: 0, loss = 1.550514817237854Epoch: 0, Step: 288, Rank: 1, loss = 1.8607770204544067

Model Parameters: 6.927 B, Latency: 2.62s, TFLOPs: 4.00, Samples/sec: 0.38, Time/seq 2.62s, Batch Size: 1, Sequence Length: 512
Epoch: 0, Step: 289, Rank: 0, loss = 1.7067973613739014
Epoch: 0, Step: 289, Rank: 1, loss = 1.3644672632217407
Model Parameters: 6.927 B, Latency: 2.54s, TFLOPs: 4.12, Samples/sec: 0.39, Time/seq 2.54s, Batch Size: 1, Sequence Length: 512
Epoch: 0, Step: 290, Rank: 1, loss = 1.493576169013977
Epoch: 0, Step: 290, Rank: 0, loss = 1.5571829080581665
Model Parameters: 6.927 B, Latency: 2.53s, TFLOPs: 4.14, Samples/sec: 0.40, Time/seq 2.53s, Batch Size: 1, Sequence Length: 512
Epoch: 0, Step: 291, Rank: 1, loss = 1.3799188137054443
Epoch: 0, Step: 291, Rank: 0, loss = 1.8067574501037598
Model Parameters: 6.927 B, Latency: 2.55s, TFLOPs: 4.11, Samples/sec: 0.39, Time/seq 2.55s, Batch Size: 1, Sequence Length: 512
Epoch: 0, Step: 292, Rank: 0, loss = 1.57535719871521
Epoch: 0, Step: 292, Rank: 1, loss = 1.6066581010818481
Model Parameters: 6.927 B, Latency: 2.62s, TFLOPs: 3.99, Samples/sec: 0.38, Time/seq 2.62s, Batch Size: 1, Sequence Length: 512
Epoch: 0, Step: 293, Rank: 0, loss = 1.477104663848877
Epoch: 0, Step: 293, Rank: 1, loss = 1.7737483978271484
Model Parameters: 6.927 B, Latency: 2.54s, TFLOPs: 4.13, Samples/sec: 0.39, Time/seq 2.54s, Batch Size: 1, Sequence Length: 512
Epoch: 0, Step: 294, Rank: 1, loss = 1.544297218322754
Epoch: 0, Step: 294, Rank: 0, loss = 1.237472414970398
Model Parameters: 6.927 B, Latency: 2.53s, TFLOPs: 4.13, Samples/sec: 0.39, Time/seq 2.53s, Batch Size: 1, Sequence Length: 512
Epoch: 0, Step: 295, Rank: 1, loss = 1.2614812850952148
Epoch: 0, Step: 295, Rank: 0, loss = 1.6507093906402588
Model Parameters: 6.927 B, Latency: 2.55s, TFLOPs: 4.11, Samples/sec: 0.39, Time/seq 2.55s, Batch Size: 1, Sequence Length: 512
Epoch: 0, Step: 296, Rank: 1, loss = 1.5651590824127197
Epoch: 0, Step: 296, Rank: 0, loss = 1.8241732120513916
Model Parameters: 6.927 B, Latency: 2.62s, TFLOPs: 4.00, Samples/sec: 0.38, Time/seq 2.62s, Batch Size: 1, Sequence Length: 512
Epoch: 0, Step: 297, Rank: 1, loss = 1.1118733882904053Epoch: 0, Step: 297, Rank: 0, loss = 1.4541195631027222

Model Parameters: 6.927 B, Latency: 2.53s, TFLOPs: 4.13, Samples/sec: 0.39, Time/seq 2.53s, Batch Size: 1, Sequence Length: 512
Epoch: 0, Step: 298, Rank: 0, loss = 1.6348633766174316
Epoch: 0, Step: 298, Rank: 1, loss = 0.9545435905456543
Model Parameters: 6.927 B, Latency: 2.54s, TFLOPs: 4.11, Samples/sec: 0.39, Time/seq 2.54s, Batch Size: 1, Sequence Length: 512
Epoch: 0, Step: 299, Rank: 0, loss = 1.1825110912322998
Epoch: 0, Step: 299, Rank: 1, loss = 1.269080638885498
Model Parameters: 6.927 B, Latency: 2.55s, TFLOPs: 4.11, Samples/sec: 0.39, Time/seq 2.55s, Batch Size: 1, Sequence Length: 512
Epoch: 0, Step: 300, Rank: 0, loss = 1.4030615091323853Epoch: 0, Step: 300, Rank: 1, loss = 1.5207709074020386

Model Parameters: 6.927 B, Latency: 2.63s, TFLOPs: 3.99, Samples/sec: 0.38, Time/seq 2.63s, Batch Size: 1, Sequence Length: 512
Epoch: 0, Step: 301, Rank: 1, loss = 1.457269310951233
Epoch: 0, Step: 301, Rank: 0, loss = 0.8918752074241638
Model Parameters: 6.927 B, Latency: 2.53s, TFLOPs: 4.13, Samples/sec: 0.39, Time/seq 2.53s, Batch Size: 1, Sequence Length: 512
Epoch: 0, Step: 302, Rank: 1, loss = 1.7005406618118286
Epoch: 0, Step: 302, Rank: 0, loss = 1.4991397857666016
Model Parameters: 6.927 B, Latency: 2.53s, TFLOPs: 4.13, Samples/sec: 0.39, Time/seq 2.53s, Batch Size: 1, Sequence Length: 512
Epoch: 0, Step: 303, Rank: 1, loss = 1.5683600902557373
Epoch: 0, Step: 303, Rank: 0, loss = 1.4598320722579956
Model Parameters: 6.927 B, Latency: 2.56s, TFLOPs: 4.10, Samples/sec: 0.39, Time/seq 2.56s, Batch Size: 1, Sequence Length: 512
Epoch: 0, Step: 304, Rank: 0, loss = 1.2760262489318848
Epoch: 0, Step: 304, Rank: 1, loss = 1.3327341079711914
Model Parameters: 6.927 B, Latency: 2.62s, TFLOPs: 4.00, Samples/sec: 0.38, Time/seq 2.62s, Batch Size: 1, Sequence Length: 512
Epoch: 0, Step: 305, Rank: 1, loss = 1.583601951599121
Epoch: 0, Step: 305, Rank: 0, loss = 1.3362876176834106
Model Parameters: 6.927 B, Latency: 2.54s, TFLOPs: 4.13, Samples/sec: 0.39, Time/seq 2.54s, Batch Size: 1, Sequence Length: 512
Epoch: 0, Step: 306, Rank: 1, loss = 1.8634339570999146
Epoch: 0, Step: 306, Rank: 0, loss = 1.0354076623916626
Model Parameters: 6.927 B, Latency: 2.53s, TFLOPs: 4.13, Samples/sec: 0.39, Time/seq 2.53s, Batch Size: 1, Sequence Length: 512
Epoch: 0, Step: 307, Rank: 0, loss = 1.1079115867614746
Epoch: 0, Step: 307, Rank: 1, loss = 1.454366683959961
Model Parameters: 6.927 B, Latency: 2.55s, TFLOPs: 4.10, Samples/sec: 0.39, Time/seq 2.55s, Batch Size: 1, Sequence Length: 512
Epoch: 0, Step: 308, Rank: 1, loss = 1.4255236387252808
Epoch: 0, Step: 308, Rank: 0, loss = 1.477996826171875
Model Parameters: 6.927 B, Latency: 2.62s, TFLOPs: 3.99, Samples/sec: 0.38, Time/seq 2.62s, Batch Size: 1, Sequence Length: 512
Epoch: 0, Step: 309, Rank: 0, loss = 1.3464099168777466
Epoch: 0, Step: 309, Rank: 1, loss = 1.6369009017944336
Model Parameters: 6.927 B, Latency: 2.53s, TFLOPs: 4.13, Samples/sec: 0.39, Time/seq 2.53s, Batch Size: 1, Sequence Length: 512
Epoch: 0, Step: 310, Rank: 0, loss = 1.2785619497299194
Epoch: 0, Step: 310, Rank: 1, loss = 1.173021674156189
Model Parameters: 6.927 B, Latency: 2.53s, TFLOPs: 4.13, Samples/sec: 0.39, Time/seq 2.53s, Batch Size: 1, Sequence Length: 512
Epoch: 0, Step: 311, Rank: 0, loss = 1.2724518775939941
Epoch: 0, Step: 311, Rank: 1, loss = 1.7142153978347778
Model Parameters: 6.927 B, Latency: 2.55s, TFLOPs: 4.11, Samples/sec: 0.39, Time/seq 2.55s, Batch Size: 1, Sequence Length: 512
Epoch: 0, Step: 312, Rank: 1, loss = 1.1437259912490845Epoch: 0, Step: 312, Rank: 0, loss = 1.3760292530059814

Model Parameters: 6.927 B, Latency: 2.62s, TFLOPs: 3.99, Samples/sec: 0.38, Time/seq 2.62s, Batch Size: 1, Sequence Length: 512
Epoch: 0, Step: 313, Rank: 1, loss = 1.7312520742416382
Epoch: 0, Step: 313, Rank: 0, loss = 1.444204568862915
Model Parameters: 6.927 B, Latency: 2.53s, TFLOPs: 4.13, Samples/sec: 0.39, Time/seq 2.53s, Batch Size: 1, Sequence Length: 512
Epoch: 0, Step: 314, Rank: 1, loss = 1.2408393621444702
Epoch: 0, Step: 314, Rank: 0, loss = 1.5763626098632812
Model Parameters: 6.927 B, Latency: 2.53s, TFLOPs: 4.13, Samples/sec: 0.39, Time/seq 2.53s, Batch Size: 1, Sequence Length: 512
Epoch: 0, Step: 315, Rank: 0, loss = 1.6943402290344238
Epoch: 0, Step: 315, Rank: 1, loss = 1.5245264768600464
Model Parameters: 6.927 B, Latency: 2.59s, TFLOPs: 4.03, Samples/sec: 0.39, Time/seq 2.59s, Batch Size: 1, Sequence Length: 512
Epoch: 0, Step: 316, Rank: 0, loss = 1.0691395998001099
Epoch: 0, Step: 316, Rank: 1, loss = 1.1552635431289673
Model Parameters: 6.927 B, Latency: 2.64s, TFLOPs: 3.97, Samples/sec: 0.38, Time/seq 2.64s, Batch Size: 1, Sequence Length: 512
Epoch: 0, Step: 317, Rank: 0, loss = 0.7531487941741943
Epoch: 0, Step: 317, Rank: 1, loss = 1.5462802648544312
Model Parameters: 6.927 B, Latency: 2.54s, TFLOPs: 4.12, Samples/sec: 0.39, Time/seq 2.54s, Batch Size: 1, Sequence Length: 512
Epoch: 0, Step: 318, Rank: 1, loss = 1.1228117942810059
Epoch: 0, Step: 318, Rank: 0, loss = 1.834628939628601
Model Parameters: 6.927 B, Latency: 2.53s, TFLOPs: 4.13, Samples/sec: 0.39, Time/seq 2.53s, Batch Size: 1, Sequence Length: 512
Epoch: 0, Step: 319, Rank: 1, loss = 1.307582974433899
Epoch: 0, Step: 319, Rank: 0, loss = 1.4426642656326294
Model Parameters: 6.927 B, Latency: 2.55s, TFLOPs: 4.10, Samples/sec: 0.39, Time/seq 2.55s, Batch Size: 1, Sequence Length: 512
Epoch: 0, Step: 320, Rank: 1, loss = 1.234722375869751Epoch: 0, Step: 320, Rank: 0, loss = 1.4958670139312744

Model Parameters: 6.927 B, Latency: 2.61s, TFLOPs: 4.01, Samples/sec: 0.38, Time/seq 2.61s, Batch Size: 1, Sequence Length: 512
Epoch: 0, Step: 321, Rank: 1, loss = 1.6094955205917358
Epoch: 0, Step: 321, Rank: 0, loss = 1.354326844215393
Model Parameters: 6.927 B, Latency: 2.54s, TFLOPs: 4.12, Samples/sec: 0.39, Time/seq 2.54s, Batch Size: 1, Sequence Length: 512
Epoch: 0, Step: 322, Rank: 1, loss = 1.3179761171340942
Epoch: 0, Step: 322, Rank: 0, loss = 1.724993348121643
Model Parameters: 6.927 B, Latency: 2.55s, TFLOPs: 4.11, Samples/sec: 0.39, Time/seq 2.55s, Batch Size: 1, Sequence Length: 512
Epoch: 0, Step: 323, Rank: 1, loss = 1.5934181213378906
Epoch: 0, Step: 323, Rank: 0, loss = 2.018927812576294
Model Parameters: 6.927 B, Latency: 2.56s, TFLOPs: 4.09, Samples/sec: 0.39, Time/seq 2.56s, Batch Size: 1, Sequence Length: 512
Epoch: 0, Step: 324, Rank: 1, loss = 1.8321202993392944Epoch: 0, Step: 324, Rank: 0, loss = 1.2946703433990479

Model Parameters: 6.927 B, Latency: 2.61s, TFLOPs: 4.00, Samples/sec: 0.38, Time/seq 2.61s, Batch Size: 1, Sequence Length: 512
Epoch: 0, Step: 325, Rank: 1, loss = 1.6145859956741333
Epoch: 0, Step: 325, Rank: 0, loss = 1.4496114253997803
Model Parameters: 6.927 B, Latency: 2.54s, TFLOPs: 4.13, Samples/sec: 0.39, Time/seq 2.54s, Batch Size: 1, Sequence Length: 512
Epoch: 0, Step: 326, Rank: 1, loss = 1.1331369876861572
Epoch: 0, Step: 326, Rank: 0, loss = 1.9295037984848022
Model Parameters: 6.927 B, Latency: 2.54s, TFLOPs: 4.12, Samples/sec: 0.39, Time/seq 2.54s, Batch Size: 1, Sequence Length: 512
Epoch: 0, Step: 327, Rank: 0, loss = 1.449233055114746
Epoch: 0, Step: 327, Rank: 1, loss = 1.3247559070587158
Model Parameters: 6.927 B, Latency: 2.58s, TFLOPs: 4.06, Samples/sec: 0.39, Time/seq 2.58s, Batch Size: 1, Sequence Length: 512
Epoch: 0, Step: 328, Rank: 1, loss = 1.7170437574386597Epoch: 0, Step: 328, Rank: 0, loss = 1.5111836194992065

Model Parameters: 6.927 B, Latency: 2.62s, TFLOPs: 3.99, Samples/sec: 0.38, Time/seq 2.62s, Batch Size: 1, Sequence Length: 512
Epoch: 0, Step: 329, Rank: 0, loss = 1.4652165174484253
Epoch: 0, Step: 329, Rank: 1, loss = 1.0648030042648315
Model Parameters: 6.927 B, Latency: 2.55s, TFLOPs: 4.11, Samples/sec: 0.39, Time/seq 2.55s, Batch Size: 1, Sequence Length: 512
Epoch: 0, Step: 330, Rank: 1, loss = 1.0226233005523682
Epoch: 0, Step: 330, Rank: 0, loss = 1.0921791791915894
Model Parameters: 6.927 B, Latency: 2.55s, TFLOPs: 4.11, Samples/sec: 0.39, Time/seq 2.55s, Batch Size: 1, Sequence Length: 512
Epoch: 0, Step: 331, Rank: 1, loss = 1.717192530632019
Epoch: 0, Step: 331, Rank: 0, loss = 1.0890287160873413
Model Parameters: 6.927 B, Latency: 2.57s, TFLOPs: 4.08, Samples/sec: 0.39, Time/seq 2.57s, Batch Size: 1, Sequence Length: 512
Epoch: 0, Step: 332, Rank: 0, loss = 1.5300848484039307
Epoch: 0, Step: 332, Rank: 1, loss = 1.2134017944335938
Model Parameters: 6.927 B, Latency: 2.63s, TFLOPs: 3.98, Samples/sec: 0.38, Time/seq 2.63s, Batch Size: 1, Sequence Length: 512
Epoch: 0, Step: 333, Rank: 1, loss = 1.382697343826294
Epoch: 0, Step: 333, Rank: 0, loss = 1.6583082675933838
Model Parameters: 6.927 B, Latency: 2.54s, TFLOPs: 4.11, Samples/sec: 0.39, Time/seq 2.54s, Batch Size: 1, Sequence Length: 512
Epoch: 0, Step: 334, Rank: 0, loss = 1.8364320993423462Epoch: 0, Step: 334, Rank: 1, loss = 1.6039319038391113

Model Parameters: 6.927 B, Latency: 2.54s, TFLOPs: 4.12, Samples/sec: 0.39, Time/seq 2.54s, Batch Size: 1, Sequence Length: 512
Epoch: 0, Step: 335, Rank: 1, loss = 1.736011266708374
Epoch: 0, Step: 335, Rank: 0, loss = 1.7657305002212524
Model Parameters: 6.927 B, Latency: 2.57s, TFLOPs: 4.08, Samples/sec: 0.39, Time/seq 2.57s, Batch Size: 1, Sequence Length: 512
Epoch: 0, Step: 336, Rank: 1, loss = 1.6186424493789673Epoch: 0, Step: 336, Rank: 0, loss = 1.464457392692566

Model Parameters: 6.927 B, Latency: 2.62s, TFLOPs: 4.00, Samples/sec: 0.38, Time/seq 2.62s, Batch Size: 1, Sequence Length: 512
Epoch: 0, Step: 337, Rank: 0, loss = 1.442685604095459
Epoch: 0, Step: 337, Rank: 1, loss = 1.1989052295684814
Model Parameters: 6.927 B, Latency: 2.54s, TFLOPs: 4.12, Samples/sec: 0.39, Time/seq 2.54s, Batch Size: 1, Sequence Length: 512
Epoch: 0, Step: 338, Rank: 0, loss = 1.1180977821350098
Epoch: 0, Step: 338, Rank: 1, loss = 1.4706097841262817
Model Parameters: 6.927 B, Latency: 2.54s, TFLOPs: 4.13, Samples/sec: 0.39, Time/seq 2.54s, Batch Size: 1, Sequence Length: 512
Epoch: 0, Step: 339, Rank: 0, loss = 1.488710880279541
Epoch: 0, Step: 339, Rank: 1, loss = 1.6180739402770996
Model Parameters: 6.927 B, Latency: 2.56s, TFLOPs: 4.08, Samples/sec: 0.39, Time/seq 2.56s, Batch Size: 1, Sequence Length: 512
Epoch: 0, Step: 340, Rank: 0, loss = 1.496918797492981Epoch: 0, Step: 340, Rank: 1, loss = 1.388886570930481

Model Parameters: 6.927 B, Latency: 2.63s, TFLOPs: 3.98, Samples/sec: 0.38, Time/seq 2.63s, Batch Size: 1, Sequence Length: 512
Epoch: 0, Step: 341, Rank: 0, loss = 1.6295628547668457
Epoch: 0, Step: 341, Rank: 1, loss = 1.3731036186218262
Model Parameters: 6.927 B, Latency: 2.54s, TFLOPs: 4.12, Samples/sec: 0.39, Time/seq 2.54s, Batch Size: 1, Sequence Length: 512
Epoch: 0, Step: 342, Rank: 0, loss = 1.599524974822998
Epoch: 0, Step: 342, Rank: 1, loss = 1.664194107055664
Model Parameters: 6.927 B, Latency: 2.54s, TFLOPs: 4.11, Samples/sec: 0.39, Time/seq 2.54s, Batch Size: 1, Sequence Length: 512
Epoch: 0, Step: 343, Rank: 0, loss = 2.293562412261963
Epoch: 0, Step: 343, Rank: 1, loss = 1.2230134010314941
Model Parameters: 6.927 B, Latency: 2.56s, TFLOPs: 4.09, Samples/sec: 0.39, Time/seq 2.56s, Batch Size: 1, Sequence Length: 512
Epoch: 0, Step: 344, Rank: 0, loss = 1.783951997756958Epoch: 0, Step: 344, Rank: 1, loss = 1.8183318376541138

Model Parameters: 6.927 B, Latency: 2.62s, TFLOPs: 3.99, Samples/sec: 0.38, Time/seq 2.62s, Batch Size: 1, Sequence Length: 512
Epoch: 0, Step: 345, Rank: 1, loss = 1.5339070558547974
Epoch: 0, Step: 345, Rank: 0, loss = 1.4233489036560059
Model Parameters: 6.927 B, Latency: 2.54s, TFLOPs: 4.12, Samples/sec: 0.39, Time/seq 2.54s, Batch Size: 1, Sequence Length: 512
Epoch: 0, Step: 346, Rank: 1, loss = 1.3485418558120728
Epoch: 0, Step: 346, Rank: 0, loss = 1.1121373176574707
Model Parameters: 6.927 B, Latency: 2.54s, TFLOPs: 4.12, Samples/sec: 0.39, Time/seq 2.54s, Batch Size: 1, Sequence Length: 512
Epoch: 0, Step: 347, Rank: 1, loss = 1.4025065898895264
Epoch: 0, Step: 347, Rank: 0, loss = 1.4233238697052002
Model Parameters: 6.927 B, Latency: 2.56s, TFLOPs: 4.09, Samples/sec: 0.39, Time/seq 2.56s, Batch Size: 1, Sequence Length: 512
Epoch: 0, Step: 348, Rank: 1, loss = 1.814935326576233
Epoch: 0, Step: 348, Rank: 0, loss = 1.3342317342758179
Model Parameters: 6.927 B, Latency: 2.62s, TFLOPs: 4.00, Samples/sec: 0.38, Time/seq 2.62s, Batch Size: 1, Sequence Length: 512
Epoch: 0, Step: 349, Rank: 1, loss = 1.5133439302444458
Epoch: 0, Step: 349, Rank: 0, loss = 1.390520453453064
Model Parameters: 6.927 B, Latency: 2.54s, TFLOPs: 4.12, Samples/sec: 0.39, Time/seq 2.54s, Batch Size: 1, Sequence Length: 512
Epoch: 0, Step: 350, Rank: 0, loss = 1.4243271350860596Epoch: 0, Step: 350, Rank: 1, loss = 1.3502330780029297

Model Parameters: 6.927 B, Latency: 2.54s, TFLOPs: 4.12, Samples/sec: 0.39, Time/seq 2.54s, Batch Size: 1, Sequence Length: 512
Epoch: 0, Step: 351, Rank: 0, loss = 1.3821830749511719
Epoch: 0, Step: 351, Rank: 1, loss = 1.4625104665756226
Model Parameters: 6.927 B, Latency: 2.56s, TFLOPs: 4.09, Samples/sec: 0.39, Time/seq 2.56s, Batch Size: 1, Sequence Length: 512
Epoch: 0, Step: 352, Rank: 0, loss = 1.4048925638198853Epoch: 0, Step: 352, Rank: 1, loss = 1.698243260383606

Model Parameters: 6.927 B, Latency: 2.62s, TFLOPs: 4.00, Samples/sec: 0.38, Time/seq 2.62s, Batch Size: 1, Sequence Length: 512
Epoch: 0, Step: 353, Rank: 1, loss = 1.6530487537384033
Epoch: 0, Step: 353, Rank: 0, loss = 1.1196924448013306
Model Parameters: 6.927 B, Latency: 2.54s, TFLOPs: 4.13, Samples/sec: 0.39, Time/seq 2.54s, Batch Size: 1, Sequence Length: 512
Epoch: 0, Step: 354, Rank: 0, loss = 1.0686824321746826
Epoch: 0, Step: 354, Rank: 1, loss = 1.5914018154144287
Model Parameters: 6.927 B, Latency: 2.54s, TFLOPs: 4.11, Samples/sec: 0.39, Time/seq 2.54s, Batch Size: 1, Sequence Length: 512
Epoch: 0, Step: 355, Rank: 1, loss = 1.2826533317565918
Epoch: 0, Step: 355, Rank: 0, loss = 2.0024421215057373
Model Parameters: 6.927 B, Latency: 2.56s, TFLOPs: 4.09, Samples/sec: 0.39, Time/seq 2.56s, Batch Size: 1, Sequence Length: 512
Epoch: 0, Step: 356, Rank: 1, loss = 1.3692823648452759Epoch: 0, Step: 356, Rank: 0, loss = 1.3896223306655884

Model Parameters: 6.927 B, Latency: 2.62s, TFLOPs: 4.00, Samples/sec: 0.38, Time/seq 2.62s, Batch Size: 1, Sequence Length: 512
Epoch: 0, Step: 357, Rank: 1, loss = 1.4835125207901Epoch: 0, Step: 357, Rank: 0, loss = 1.509138822555542

Model Parameters: 6.927 B, Latency: 2.54s, TFLOPs: 4.12, Samples/sec: 0.39, Time/seq 2.54s, Batch Size: 1, Sequence Length: 512
Epoch: 0, Step: 358, Rank: 1, loss = 1.3848857879638672
Epoch: 0, Step: 358, Rank: 0, loss = 1.7707313299179077
Model Parameters: 6.927 B, Latency: 2.55s, TFLOPs: 4.11, Samples/sec: 0.39, Time/seq 2.55s, Batch Size: 1, Sequence Length: 512
Epoch: 0, Step: 359, Rank: 1, loss = 1.5697731971740723Epoch: 0, Step: 359, Rank: 0, loss = 1.6609079837799072

Model Parameters: 6.927 B, Latency: 2.56s, TFLOPs: 4.09, Samples/sec: 0.39, Time/seq 2.56s, Batch Size: 1, Sequence Length: 512
Epoch: 0, Step: 360, Rank: 0, loss = 1.4655649662017822Epoch: 0, Step: 360, Rank: 1, loss = 1.4980332851409912

Model Parameters: 6.927 B, Latency: 2.62s, TFLOPs: 4.00, Samples/sec: 0.38, Time/seq 2.62s, Batch Size: 1, Sequence Length: 512
Epoch: 0, Step: 361, Rank: 1, loss = 1.497431755065918
Epoch: 0, Step: 361, Rank: 0, loss = 1.494212031364441
Model Parameters: 6.927 B, Latency: 2.54s, TFLOPs: 4.12, Samples/sec: 0.39, Time/seq 2.54s, Batch Size: 1, Sequence Length: 512
Epoch: 0, Step: 362, Rank: 1, loss = 1.1878769397735596
Epoch: 0, Step: 362, Rank: 0, loss = 1.0061428546905518
Model Parameters: 6.927 B, Latency: 2.54s, TFLOPs: 4.13, Samples/sec: 0.39, Time/seq 2.54s, Batch Size: 1, Sequence Length: 512
Epoch: 0, Step: 363, Rank: 0, loss = 1.4303336143493652Epoch: 0, Step: 363, Rank: 1, loss = 1.3689754009246826

Model Parameters: 6.927 B, Latency: 2.61s, TFLOPs: 4.02, Samples/sec: 0.38, Time/seq 2.61s, Batch Size: 1, Sequence Length: 512
Epoch: 0, Step: 364, Rank: 1, loss = 1.4108470678329468Epoch: 0, Step: 364, Rank: 0, loss = 1.7569788694381714

Model Parameters: 6.927 B, Latency: 2.61s, TFLOPs: 4.00, Samples/sec: 0.38, Time/seq 2.61s, Batch Size: 1, Sequence Length: 512
Epoch: 0, Step: 365, Rank: 0, loss = 1.5104085206985474
Epoch: 0, Step: 365, Rank: 1, loss = 1.2966657876968384
Model Parameters: 6.927 B, Latency: 2.54s, TFLOPs: 4.12, Samples/sec: 0.39, Time/seq 2.54s, Batch Size: 1, Sequence Length: 512
Epoch: 0, Step: 366, Rank: 1, loss = 1.241862416267395Epoch: 0, Step: 366, Rank: 0, loss = 1.5058757066726685

Model Parameters: 6.927 B, Latency: 2.54s, TFLOPs: 4.13, Samples/sec: 0.39, Time/seq 2.54s, Batch Size: 1, Sequence Length: 512
Epoch: 0, Step: 367, Rank: 0, loss = 1.585206151008606
Epoch: 0, Step: 367, Rank: 1, loss = 1.5156192779541016
Model Parameters: 6.927 B, Latency: 2.57s, TFLOPs: 4.08, Samples/sec: 0.39, Time/seq 2.57s, Batch Size: 1, Sequence Length: 512
Epoch: 0, Step: 368, Rank: 0, loss = 1.5133328437805176
Epoch: 0, Step: 368, Rank: 1, loss = 1.3162953853607178
Model Parameters: 6.927 B, Latency: 2.62s, TFLOPs: 3.99, Samples/sec: 0.38, Time/seq 2.62s, Batch Size: 1, Sequence Length: 512
Epoch: 0, Step: 369, Rank: 1, loss = 1.5289992094039917
Epoch: 0, Step: 369, Rank: 0, loss = 1.5161361694335938
Model Parameters: 6.927 B, Latency: 2.54s, TFLOPs: 4.12, Samples/sec: 0.39, Time/seq 2.54s, Batch Size: 1, Sequence Length: 512
Epoch: 0, Step: 370, Rank: 1, loss = 1.3275376558303833
Epoch: 0, Step: 370, Rank: 0, loss = 1.6474852561950684
Model Parameters: 6.927 B, Latency: 2.54s, TFLOPs: 4.12, Samples/sec: 0.39, Time/seq 2.54s, Batch Size: 1, Sequence Length: 512
Epoch: 0, Step: 371, Rank: 0, loss = 1.3936281204223633
Epoch: 0, Step: 371, Rank: 1, loss = 1.3369957208633423
Model Parameters: 6.927 B, Latency: 2.56s, TFLOPs: 4.10, Samples/sec: 0.39, Time/seq 2.56s, Batch Size: 1, Sequence Length: 512
Epoch: 0, Step: 372, Rank: 1, loss = 1.502112865447998Epoch: 0, Step: 372, Rank: 0, loss = 1.6932952404022217

Model Parameters: 6.927 B, Latency: 2.62s, TFLOPs: 3.99, Samples/sec: 0.38, Time/seq 2.62s, Batch Size: 1, Sequence Length: 512
Epoch: 0, Step: 373, Rank: 1, loss = 1.3950388431549072
Epoch: 0, Step: 373, Rank: 0, loss = 1.4438611268997192
Model Parameters: 6.927 B, Latency: 2.54s, TFLOPs: 4.12, Samples/sec: 0.39, Time/seq 2.54s, Batch Size: 1, Sequence Length: 512
Epoch: 0, Step: 374, Rank: 0, loss = 0.8642330169677734
Epoch: 0, Step: 374, Rank: 1, loss = 1.4534027576446533
Model Parameters: 6.927 B, Latency: 2.54s, TFLOPs: 4.12, Samples/sec: 0.39, Time/seq 2.54s, Batch Size: 1, Sequence Length: 512
Epoch: 0, Step: 375, Rank: 1, loss = 1.0718166828155518
Epoch: 0, Step: 375, Rank: 0, loss = 1.4708253145217896
Model Parameters: 6.927 B, Latency: 2.56s, TFLOPs: 4.08, Samples/sec: 0.39, Time/seq 2.56s, Batch Size: 1, Sequence Length: 512
Epoch: 0, Step: 376, Rank: 1, loss = 1.6459147930145264Epoch: 0, Step: 376, Rank: 0, loss = 1.3192628622055054

Model Parameters: 6.927 B, Latency: 2.61s, TFLOPs: 4.00, Samples/sec: 0.38, Time/seq 2.61s, Batch Size: 1, Sequence Length: 512
Epoch: 0, Step: 377, Rank: 0, loss = 0.7749506831169128
Epoch: 0, Step: 377, Rank: 1, loss = 1.008956789970398
Model Parameters: 6.927 B, Latency: 2.55s, TFLOPs: 4.10, Samples/sec: 0.39, Time/seq 2.55s, Batch Size: 1, Sequence Length: 512
Epoch: 0, Step: 378, Rank: 1, loss = 0.7203073501586914
Epoch: 0, Step: 378, Rank: 0, loss = 1.2970932722091675
Model Parameters: 6.927 B, Latency: 2.54s, TFLOPs: 4.12, Samples/sec: 0.39, Time/seq 2.54s, Batch Size: 1, Sequence Length: 512
Epoch: 0, Step: 379, Rank: 0, loss = 1.4254978895187378Epoch: 0, Step: 379, Rank: 1, loss = 1.6692140102386475

Model Parameters: 6.927 B, Latency: 2.56s, TFLOPs: 4.09, Samples/sec: 0.39, Time/seq 2.56s, Batch Size: 1, Sequence Length: 512
Epoch: 0, Step: 380, Rank: 1, loss = 1.6110438108444214Epoch: 0, Step: 380, Rank: 0, loss = 1.2556676864624023

Model Parameters: 6.927 B, Latency: 2.62s, TFLOPs: 4.00, Samples/sec: 0.38, Time/seq 2.62s, Batch Size: 1, Sequence Length: 512
***** Evaluating perplexity, Epoch 1/2 *****
ppl: 4.252636432647705, loss: 1.4475390911102295
Beginning of Epoch 2/2, Total Micro Batches 381
Epoch: 1, Step: 0, Rank: 0, loss = 0.9047431945800781Epoch: 1, Step: 0, Rank: 1, loss = 1.0092970132827759

Model Parameters: 6.927 B, Latency: 2.62s, TFLOPs: 4.00, Samples/sec: 0.38, Time/seq 2.62s, Batch Size: 1, Sequence Length: 512
Epoch: 1, Step: 1, Rank: 0, loss = 1.2850372791290283
Epoch: 1, Step: 1, Rank: 1, loss = 1.1500972509384155
Model Parameters: 6.927 B, Latency: 2.53s, TFLOPs: 4.14, Samples/sec: 0.40, Time/seq 2.53s, Batch Size: 1, Sequence Length: 512
Epoch: 1, Step: 2, Rank: 0, loss = 1.2653194665908813
Epoch: 1, Step: 2, Rank: 1, loss = 1.408728837966919
Model Parameters: 6.927 B, Latency: 2.56s, TFLOPs: 4.09, Samples/sec: 0.39, Time/seq 2.56s, Batch Size: 1, Sequence Length: 512
Epoch: 1, Step: 3, Rank: 1, loss = 0.9505508542060852
Epoch: 1, Step: 3, Rank: 0, loss = 1.3445066213607788
Model Parameters: 6.927 B, Latency: 2.63s, TFLOPs: 3.98, Samples/sec: 0.38, Time/seq 2.63s, Batch Size: 1, Sequence Length: 512
Epoch: 1, Step: 4, Rank: 1, loss = 1.4286342859268188
Epoch: 1, Step: 4, Rank: 0, loss = 2.311025619506836
Model Parameters: 6.927 B, Latency: 2.54s, TFLOPs: 4.13, Samples/sec: 0.39, Time/seq 2.54s, Batch Size: 1, Sequence Length: 512
Epoch: 1, Step: 5, Rank: 1, loss = 1.872161865234375
Epoch: 1, Step: 5, Rank: 0, loss = 1.4423447847366333
Model Parameters: 6.927 B, Latency: 2.53s, TFLOPs: 4.14, Samples/sec: 0.40, Time/seq 2.53s, Batch Size: 1, Sequence Length: 512
Epoch: 1, Step: 6, Rank: 1, loss = 1.6359360218048096
Epoch: 1, Step: 6, Rank: 0, loss = 1.4248926639556885
Model Parameters: 6.927 B, Latency: 2.56s, TFLOPs: 4.09, Samples/sec: 0.39, Time/seq 2.56s, Batch Size: 1, Sequence Length: 512
Epoch: 1, Step: 7, Rank: 0, loss = 1.6284445524215698
Epoch: 1, Step: 7, Rank: 1, loss = 1.7841954231262207
Model Parameters: 6.927 B, Latency: 2.62s, TFLOPs: 3.99, Samples/sec: 0.38, Time/seq 2.62s, Batch Size: 1, Sequence Length: 512
Epoch: 1, Step: 8, Rank: 1, loss = 1.2707089185714722
Epoch: 1, Step: 8, Rank: 0, loss = 1.3876252174377441
Model Parameters: 6.927 B, Latency: 2.53s, TFLOPs: 4.13, Samples/sec: 0.39, Time/seq 2.53s, Batch Size: 1, Sequence Length: 512
Epoch: 1, Step: 9, Rank: 1, loss = 1.5387747287750244
Epoch: 1, Step: 9, Rank: 0, loss = 1.4607088565826416
Model Parameters: 6.927 B, Latency: 2.53s, TFLOPs: 4.14, Samples/sec: 0.40, Time/seq 2.53s, Batch Size: 1, Sequence Length: 512
Epoch: 1, Step: 10, Rank: 1, loss = 1.0456018447875977
Epoch: 1, Step: 10, Rank: 0, loss = 1.3130967617034912
Model Parameters: 6.927 B, Latency: 2.56s, TFLOPs: 4.09, Samples/sec: 0.39, Time/seq 2.56s, Batch Size: 1, Sequence Length: 512
Epoch: 1, Step: 11, Rank: 0, loss = 1.1754471063613892
Epoch: 1, Step: 11, Rank: 1, loss = 1.354398250579834
Model Parameters: 6.927 B, Latency: 2.67s, TFLOPs: 3.92, Samples/sec: 0.37, Time/seq 2.67s, Batch Size: 1, Sequence Length: 512
Epoch: 1, Step: 12, Rank: 0, loss = 1.4923644065856934
Epoch: 1, Step: 12, Rank: 1, loss = 1.2083439826965332
Model Parameters: 6.927 B, Latency: 2.54s, TFLOPs: 4.12, Samples/sec: 0.39, Time/seq 2.54s, Batch Size: 1, Sequence Length: 512
Epoch: 1, Step: 13, Rank: 1, loss = 1.4949594736099243
Epoch: 1, Step: 13, Rank: 0, loss = 1.5738987922668457
Model Parameters: 6.927 B, Latency: 2.53s, TFLOPs: 4.14, Samples/sec: 0.40, Time/seq 2.53s, Batch Size: 1, Sequence Length: 512
Epoch: 1, Step: 14, Rank: 0, loss = 1.5940442085266113
Epoch: 1, Step: 14, Rank: 1, loss = 1.288993239402771
Model Parameters: 6.927 B, Latency: 2.55s, TFLOPs: 4.10, Samples/sec: 0.39, Time/seq 2.55s, Batch Size: 1, Sequence Length: 512
Epoch: 1, Step: 15, Rank: 0, loss = 1.5454591512680054Epoch: 1, Step: 15, Rank: 1, loss = 0.7163076400756836

Model Parameters: 6.927 B, Latency: 2.62s, TFLOPs: 4.00, Samples/sec: 0.38, Time/seq 2.62s, Batch Size: 1, Sequence Length: 512
Epoch: 1, Step: 16, Rank: 1, loss = 0.7759751677513123
Epoch: 1, Step: 16, Rank: 0, loss = 1.5211048126220703
Model Parameters: 6.927 B, Latency: 2.54s, TFLOPs: 4.13, Samples/sec: 0.39, Time/seq 2.54s, Batch Size: 1, Sequence Length: 512
Epoch: 1, Step: 17, Rank: 1, loss = 1.3839248418807983
Epoch: 1, Step: 17, Rank: 0, loss = 1.5897996425628662
Model Parameters: 6.927 B, Latency: 2.53s, TFLOPs: 4.14, Samples/sec: 0.40, Time/seq 2.53s, Batch Size: 1, Sequence Length: 512
Epoch: 1, Step: 18, Rank: 0, loss = 1.3514378070831299
Epoch: 1, Step: 18, Rank: 1, loss = 1.5378165245056152
Model Parameters: 6.927 B, Latency: 2.56s, TFLOPs: 4.09, Samples/sec: 0.39, Time/seq 2.56s, Batch Size: 1, Sequence Length: 512
Epoch: 1, Step: 19, Rank: 0, loss = 1.0704066753387451Epoch: 1, Step: 19, Rank: 1, loss = 1.5367326736450195

Model Parameters: 6.927 B, Latency: 2.66s, TFLOPs: 3.94, Samples/sec: 0.38, Time/seq 2.66s, Batch Size: 1, Sequence Length: 512
Epoch: 1, Step: 20, Rank: 1, loss = 1.2740976810455322Epoch: 1, Step: 20, Rank: 0, loss = 1.0820834636688232

Model Parameters: 6.927 B, Latency: 2.54s, TFLOPs: 4.12, Samples/sec: 0.39, Time/seq 2.54s, Batch Size: 1, Sequence Length: 512
Epoch: 1, Step: 21, Rank: 0, loss = 1.4359067678451538
Epoch: 1, Step: 21, Rank: 1, loss = 1.6176260709762573
Model Parameters: 6.927 B, Latency: 2.53s, TFLOPs: 4.14, Samples/sec: 0.40, Time/seq 2.53s, Batch Size: 1, Sequence Length: 512
Epoch: 1, Step: 22, Rank: 1, loss = 0.9923003315925598Epoch: 1, Step: 22, Rank: 0, loss = 1.1481637954711914

Model Parameters: 6.927 B, Latency: 2.57s, TFLOPs: 4.08, Samples/sec: 0.39, Time/seq 2.57s, Batch Size: 1, Sequence Length: 512
Epoch: 1, Step: 23, Rank: 0, loss = 1.529643177986145
Epoch: 1, Step: 23, Rank: 1, loss = 1.1544981002807617
Model Parameters: 6.927 B, Latency: 2.62s, TFLOPs: 4.00, Samples/sec: 0.38, Time/seq 2.62s, Batch Size: 1, Sequence Length: 512
Epoch: 1, Step: 24, Rank: 1, loss = 1.0879608392715454
Epoch: 1, Step: 24, Rank: 0, loss = 1.476663589477539
Model Parameters: 6.927 B, Latency: 2.53s, TFLOPs: 4.13, Samples/sec: 0.40, Time/seq 2.53s, Batch Size: 1, Sequence Length: 512
Epoch: 1, Step: 25, Rank: 1, loss = 1.6352870464324951
Epoch: 1, Step: 25, Rank: 0, loss = 1.3642888069152832
Model Parameters: 6.927 B, Latency: 2.53s, TFLOPs: 4.14, Samples/sec: 0.40, Time/seq 2.53s, Batch Size: 1, Sequence Length: 512
Epoch: 1, Step: 26, Rank: 0, loss = 1.7012205123901367
Epoch: 1, Step: 26, Rank: 1, loss = 1.0490472316741943
Model Parameters: 6.927 B, Latency: 2.56s, TFLOPs: 4.09, Samples/sec: 0.39, Time/seq 2.56s, Batch Size: 1, Sequence Length: 512
Epoch: 1, Step: 27, Rank: 0, loss = 1.0679636001586914
Epoch: 1, Step: 27, Rank: 1, loss = 1.3317762613296509
Model Parameters: 6.927 B, Latency: 2.62s, TFLOPs: 3.99, Samples/sec: 0.38, Time/seq 2.62s, Batch Size: 1, Sequence Length: 512
Epoch: 1, Step: 28, Rank: 0, loss = 0.8729498386383057
Epoch: 1, Step: 28, Rank: 1, loss = 1.0515077114105225
Model Parameters: 6.927 B, Latency: 2.54s, TFLOPs: 4.13, Samples/sec: 0.39, Time/seq 2.54s, Batch Size: 1, Sequence Length: 512
Epoch: 1, Step: 29, Rank: 0, loss = 1.0895895957946777
Epoch: 1, Step: 29, Rank: 1, loss = 1.5338972806930542
Model Parameters: 6.927 B, Latency: 2.53s, TFLOPs: 4.14, Samples/sec: 0.40, Time/seq 2.53s, Batch Size: 1, Sequence Length: 512
Epoch: 1, Step: 30, Rank: 0, loss = 1.4834184646606445
Epoch: 1, Step: 30, Rank: 1, loss = 1.2054595947265625
Model Parameters: 6.927 B, Latency: 2.55s, TFLOPs: 4.10, Samples/sec: 0.39, Time/seq 2.55s, Batch Size: 1, Sequence Length: 512
Epoch: 1, Step: 31, Rank: 1, loss = 0.9970892667770386Epoch: 1, Step: 31, Rank: 0, loss = 1.9830658435821533

Model Parameters: 6.927 B, Latency: 2.62s, TFLOPs: 3.99, Samples/sec: 0.38, Time/seq 2.62s, Batch Size: 1, Sequence Length: 512
Epoch: 1, Step: 32, Rank: 0, loss = 1.0583069324493408Epoch: 1, Step: 32, Rank: 1, loss = 1.347930908203125

Model Parameters: 6.927 B, Latency: 2.53s, TFLOPs: 4.13, Samples/sec: 0.39, Time/seq 2.53s, Batch Size: 1, Sequence Length: 512
Epoch: 1, Step: 33, Rank: 0, loss = 1.0419505834579468
Epoch: 1, Step: 33, Rank: 1, loss = 1.4502818584442139
Model Parameters: 6.927 B, Latency: 2.52s, TFLOPs: 4.15, Samples/sec: 0.40, Time/seq 2.52s, Batch Size: 1, Sequence Length: 512
Epoch: 1, Step: 34, Rank: 1, loss = 1.2141088247299194
Epoch: 1, Step: 34, Rank: 0, loss = 0.9878453612327576
Model Parameters: 6.927 B, Latency: 2.56s, TFLOPs: 4.09, Samples/sec: 0.39, Time/seq 2.56s, Batch Size: 1, Sequence Length: 512
Epoch: 1, Step: 35, Rank: 1, loss = 1.179479956626892Epoch: 1, Step: 35, Rank: 0, loss = 2.0065345764160156

Model Parameters: 6.927 B, Latency: 2.63s, TFLOPs: 3.99, Samples/sec: 0.38, Time/seq 2.63s, Batch Size: 1, Sequence Length: 512
Epoch: 1, Step: 36, Rank: 0, loss = 1.4993118047714233
Epoch: 1, Step: 36, Rank: 1, loss = 1.3248789310455322
Model Parameters: 6.927 B, Latency: 2.54s, TFLOPs: 4.13, Samples/sec: 0.39, Time/seq 2.54s, Batch Size: 1, Sequence Length: 512
Epoch: 1, Step: 37, Rank: 0, loss = 1.465202808380127
Epoch: 1, Step: 37, Rank: 1, loss = 1.5773581266403198
Model Parameters: 6.927 B, Latency: 2.53s, TFLOPs: 4.14, Samples/sec: 0.40, Time/seq 2.53s, Batch Size: 1, Sequence Length: 512
Epoch: 1, Step: 38, Rank: 1, loss = 1.7056884765625
Epoch: 1, Step: 38, Rank: 0, loss = 1.1420198678970337
Model Parameters: 6.927 B, Latency: 2.56s, TFLOPs: 4.09, Samples/sec: 0.39, Time/seq 2.56s, Batch Size: 1, Sequence Length: 512
Epoch: 1, Step: 39, Rank: 1, loss = 1.4078292846679688Epoch: 1, Step: 39, Rank: 0, loss = 1.0583134889602661

Model Parameters: 6.927 B, Latency: 2.62s, TFLOPs: 4.00, Samples/sec: 0.38, Time/seq 2.62s, Batch Size: 1, Sequence Length: 512
Epoch: 1, Step: 40, Rank: 1, loss = 1.6961003541946411Epoch: 1, Step: 40, Rank: 0, loss = 1.331476092338562

Model Parameters: 6.927 B, Latency: 2.54s, TFLOPs: 4.12, Samples/sec: 0.39, Time/seq 2.54s, Batch Size: 1, Sequence Length: 512
Epoch: 1, Step: 41, Rank: 0, loss = 0.988706648349762Epoch: 1, Step: 41, Rank: 1, loss = 1.382818341255188

Model Parameters: 6.927 B, Latency: 2.53s, TFLOPs: 4.14, Samples/sec: 0.40, Time/seq 2.53s, Batch Size: 1, Sequence Length: 512
Epoch: 1, Step: 42, Rank: 1, loss = 1.8548611402511597
Epoch: 1, Step: 42, Rank: 0, loss = 1.5877898931503296
Model Parameters: 6.927 B, Latency: 2.56s, TFLOPs: 4.10, Samples/sec: 0.39, Time/seq 2.56s, Batch Size: 1, Sequence Length: 512
Epoch: 1, Step: 43, Rank: 1, loss = 1.1435941457748413Epoch: 1, Step: 43, Rank: 0, loss = 1.7234784364700317

Model Parameters: 6.927 B, Latency: 2.62s, TFLOPs: 3.99, Samples/sec: 0.38, Time/seq 2.62s, Batch Size: 1, Sequence Length: 512
Epoch: 1, Step: 44, Rank: 0, loss = 0.7514528036117554
Epoch: 1, Step: 44, Rank: 1, loss = 1.430508017539978
Model Parameters: 6.927 B, Latency: 2.53s, TFLOPs: 4.13, Samples/sec: 0.39, Time/seq 2.53s, Batch Size: 1, Sequence Length: 512
Epoch: 1, Step: 45, Rank: 1, loss = 1.5287591218948364
Epoch: 1, Step: 45, Rank: 0, loss = 1.4277008771896362
Model Parameters: 6.927 B, Latency: 2.54s, TFLOPs: 4.13, Samples/sec: 0.39, Time/seq 2.54s, Batch Size: 1, Sequence Length: 512
Epoch: 1, Step: 46, Rank: 1, loss = 1.2419663667678833
Epoch: 1, Step: 46, Rank: 0, loss = 1.478528618812561
Model Parameters: 6.927 B, Latency: 2.56s, TFLOPs: 4.08, Samples/sec: 0.39, Time/seq 2.56s, Batch Size: 1, Sequence Length: 512
Epoch: 1, Step: 47, Rank: 1, loss = 1.5049937963485718Epoch: 1, Step: 47, Rank: 0, loss = 1.0290204286575317

Model Parameters: 6.927 B, Latency: 2.62s, TFLOPs: 4.00, Samples/sec: 0.38, Time/seq 2.62s, Batch Size: 1, Sequence Length: 512
Epoch: 1, Step: 48, Rank: 0, loss = 1.3328150510787964
Epoch: 1, Step: 48, Rank: 1, loss = 1.3088465929031372
Model Parameters: 6.927 B, Latency: 2.53s, TFLOPs: 4.14, Samples/sec: 0.40, Time/seq 2.53s, Batch Size: 1, Sequence Length: 512
Epoch: 1, Step: 49, Rank: 1, loss = 1.2521249055862427
Epoch: 1, Step: 49, Rank: 0, loss = 1.2491304874420166
Model Parameters: 6.927 B, Latency: 2.54s, TFLOPs: 4.13, Samples/sec: 0.39, Time/seq 2.54s, Batch Size: 1, Sequence Length: 512
Epoch: 1, Step: 50, Rank: 1, loss = 1.2996617555618286
Epoch: 1, Step: 50, Rank: 0, loss = 1.217037320137024
Model Parameters: 6.927 B, Latency: 2.56s, TFLOPs: 4.10, Samples/sec: 0.39, Time/seq 2.56s, Batch Size: 1, Sequence Length: 512
Epoch: 1, Step: 51, Rank: 0, loss = 1.1389448642730713
Epoch: 1, Step: 51, Rank: 1, loss = 0.9902145862579346
Model Parameters: 6.927 B, Latency: 2.62s, TFLOPs: 3.99, Samples/sec: 0.38, Time/seq 2.62s, Batch Size: 1, Sequence Length: 512
Epoch: 1, Step: 52, Rank: 0, loss = 1.0801417827606201Epoch: 1, Step: 52, Rank: 1, loss = 1.7018779516220093

Model Parameters: 6.927 B, Latency: 2.58s, TFLOPs: 4.06, Samples/sec: 0.39, Time/seq 2.58s, Batch Size: 1, Sequence Length: 512
Epoch: 1, Step: 53, Rank: 0, loss = 1.449383020401001
Epoch: 1, Step: 53, Rank: 1, loss = 1.1300759315490723
Model Parameters: 6.927 B, Latency: 2.53s, TFLOPs: 4.13, Samples/sec: 0.40, Time/seq 2.53s, Batch Size: 1, Sequence Length: 512
Epoch: 1, Step: 54, Rank: 0, loss = 1.6315586566925049Epoch: 1, Step: 54, Rank: 1, loss = 0.9131283760070801

Model Parameters: 6.927 B, Latency: 2.56s, TFLOPs: 4.08, Samples/sec: 0.39, Time/seq 2.56s, Batch Size: 1, Sequence Length: 512
Epoch: 1, Step: 55, Rank: 1, loss = 1.2127820253372192Epoch: 1, Step: 55, Rank: 0, loss = 1.3908970355987549

Model Parameters: 6.927 B, Latency: 2.61s, TFLOPs: 4.00, Samples/sec: 0.38, Time/seq 2.61s, Batch Size: 1, Sequence Length: 512
Epoch: 1, Step: 56, Rank: 1, loss = 1.7138152122497559
Epoch: 1, Step: 56, Rank: 0, loss = 1.323671817779541
Model Parameters: 6.927 B, Latency: 2.52s, TFLOPs: 4.15, Samples/sec: 0.40, Time/seq 2.52s, Batch Size: 1, Sequence Length: 512
Epoch: 1, Step: 57, Rank: 0, loss = 1.5551613569259644
Epoch: 1, Step: 57, Rank: 1, loss = 0.9840985536575317
Model Parameters: 6.927 B, Latency: 2.53s, TFLOPs: 4.13, Samples/sec: 0.39, Time/seq 2.53s, Batch Size: 1, Sequence Length: 512
Epoch: 1, Step: 58, Rank: 0, loss = 1.3383691310882568
Epoch: 1, Step: 58, Rank: 1, loss = 1.3917063474655151
Model Parameters: 6.927 B, Latency: 2.56s, TFLOPs: 4.09, Samples/sec: 0.39, Time/seq 2.56s, Batch Size: 1, Sequence Length: 512
Epoch: 1, Step: 59, Rank: 1, loss = 1.565322995185852
Epoch: 1, Step: 59, Rank: 0, loss = 1.9901806116104126
Model Parameters: 6.927 B, Latency: 2.62s, TFLOPs: 3.99, Samples/sec: 0.38, Time/seq 2.62s, Batch Size: 1, Sequence Length: 512
Epoch: 1, Step: 60, Rank: 0, loss = 1.4673891067504883
Epoch: 1, Step: 60, Rank: 1, loss = 1.571366786956787
Model Parameters: 6.927 B, Latency: 2.53s, TFLOPs: 4.14, Samples/sec: 0.40, Time/seq 2.53s, Batch Size: 1, Sequence Length: 512
Epoch: 1, Step: 61, Rank: 1, loss = 2.025594472885132
Epoch: 1, Step: 61, Rank: 0, loss = 1.4860763549804688
Model Parameters: 6.927 B, Latency: 2.53s, TFLOPs: 4.13, Samples/sec: 0.39, Time/seq 2.53s, Batch Size: 1, Sequence Length: 512
Epoch: 1, Step: 62, Rank: 0, loss = 1.359678030014038
Epoch: 1, Step: 62, Rank: 1, loss = 1.013368844985962
Model Parameters: 6.927 B, Latency: 2.56s, TFLOPs: 4.09, Samples/sec: 0.39, Time/seq 2.56s, Batch Size: 1, Sequence Length: 512
Epoch: 1, Step: 63, Rank: 0, loss = 2.387835741043091
Epoch: 1, Step: 63, Rank: 1, loss = 1.4146766662597656
Model Parameters: 6.927 B, Latency: 2.63s, TFLOPs: 3.98, Samples/sec: 0.38, Time/seq 2.63s, Batch Size: 1, Sequence Length: 512
Epoch: 1, Step: 64, Rank: 0, loss = 1.5875236988067627
Epoch: 1, Step: 64, Rank: 1, loss = 1.0045347213745117
Model Parameters: 6.927 B, Latency: 2.53s, TFLOPs: 4.14, Samples/sec: 0.40, Time/seq 2.53s, Batch Size: 1, Sequence Length: 512
Epoch: 1, Step: 65, Rank: 1, loss = 1.3498947620391846Epoch: 1, Step: 65, Rank: 0, loss = 1.0942349433898926

Model Parameters: 6.927 B, Latency: 2.53s, TFLOPs: 4.13, Samples/sec: 0.39, Time/seq 2.53s, Batch Size: 1, Sequence Length: 512
Epoch: 1, Step: 66, Rank: 1, loss = 0.9122450947761536
Epoch: 1, Step: 66, Rank: 0, loss = 1.505331039428711
Model Parameters: 6.927 B, Latency: 2.56s, TFLOPs: 4.09, Samples/sec: 0.39, Time/seq 2.56s, Batch Size: 1, Sequence Length: 512
Epoch: 1, Step: 67, Rank: 1, loss = 1.4971879720687866
Epoch: 1, Step: 67, Rank: 0, loss = 1.462285041809082
Model Parameters: 6.927 B, Latency: 2.62s, TFLOPs: 3.99, Samples/sec: 0.38, Time/seq 2.62s, Batch Size: 1, Sequence Length: 512
Epoch: 1, Step: 68, Rank: 0, loss = 1.2820072174072266
Epoch: 1, Step: 68, Rank: 1, loss = 1.4364532232284546
Model Parameters: 6.927 B, Latency: 2.53s, TFLOPs: 4.13, Samples/sec: 0.39, Time/seq 2.53s, Batch Size: 1, Sequence Length: 512
Epoch: 1, Step: 69, Rank: 0, loss = 1.8651434183120728
Epoch: 1, Step: 69, Rank: 1, loss = 1.4304150342941284
Model Parameters: 6.927 B, Latency: 2.54s, TFLOPs: 4.12, Samples/sec: 0.39, Time/seq 2.54s, Batch Size: 1, Sequence Length: 512
Epoch: 1, Step: 70, Rank: 1, loss = 1.5930253267288208
Epoch: 1, Step: 70, Rank: 0, loss = 1.7660192251205444
Model Parameters: 6.927 B, Latency: 2.56s, TFLOPs: 4.10, Samples/sec: 0.39, Time/seq 2.56s, Batch Size: 1, Sequence Length: 512
Epoch: 1, Step: 71, Rank: 0, loss = 1.1755400896072388
Epoch: 1, Step: 71, Rank: 1, loss = 1.411253809928894
Model Parameters: 6.927 B, Latency: 2.62s, TFLOPs: 4.00, Samples/sec: 0.38, Time/seq 2.62s, Batch Size: 1, Sequence Length: 512
Epoch: 1, Step: 72, Rank: 1, loss = 1.187322974205017Epoch: 1, Step: 72, Rank: 0, loss = 1.3824135065078735

Model Parameters: 6.927 B, Latency: 2.53s, TFLOPs: 4.14, Samples/sec: 0.40, Time/seq 2.53s, Batch Size: 1, Sequence Length: 512
Epoch: 1, Step: 73, Rank: 0, loss = 1.2997380495071411
Epoch: 1, Step: 73, Rank: 1, loss = 1.046860694885254
Model Parameters: 6.927 B, Latency: 2.54s, TFLOPs: 4.12, Samples/sec: 0.39, Time/seq 2.54s, Batch Size: 1, Sequence Length: 512
Epoch: 1, Step: 74, Rank: 0, loss = 1.1822272539138794
Epoch: 1, Step: 74, Rank: 1, loss = 0.9731202125549316
Model Parameters: 6.927 B, Latency: 2.55s, TFLOPs: 4.10, Samples/sec: 0.39, Time/seq 2.55s, Batch Size: 1, Sequence Length: 512
Epoch: 1, Step: 75, Rank: 0, loss = 1.260079264640808
Epoch: 1, Step: 75, Rank: 1, loss = 1.414663553237915
Model Parameters: 6.927 B, Latency: 2.62s, TFLOPs: 3.99, Samples/sec: 0.38, Time/seq 2.62s, Batch Size: 1, Sequence Length: 512
Epoch: 1, Step: 76, Rank: 1, loss = 1.0508959293365479
Epoch: 1, Step: 76, Rank: 0, loss = 1.4360358715057373
Model Parameters: 6.927 B, Latency: 2.53s, TFLOPs: 4.14, Samples/sec: 0.40, Time/seq 2.53s, Batch Size: 1, Sequence Length: 512
Epoch: 1, Step: 77, Rank: 0, loss = 1.5439401865005493
Epoch: 1, Step: 77, Rank: 1, loss = 1.8006854057312012
Model Parameters: 6.927 B, Latency: 2.54s, TFLOPs: 4.12, Samples/sec: 0.39, Time/seq 2.54s, Batch Size: 1, Sequence Length: 512
Epoch: 1, Step: 78, Rank: 0, loss = 1.0060911178588867
Epoch: 1, Step: 78, Rank: 1, loss = 1.5622620582580566
Model Parameters: 6.927 B, Latency: 2.56s, TFLOPs: 4.09, Samples/sec: 0.39, Time/seq 2.56s, Batch Size: 1, Sequence Length: 512
Epoch: 1, Step: 79, Rank: 1, loss = 1.569578766822815Epoch: 1, Step: 79, Rank: 0, loss = 1.5079474449157715

Model Parameters: 6.927 B, Latency: 2.62s, TFLOPs: 4.00, Samples/sec: 0.38, Time/seq 2.62s, Batch Size: 1, Sequence Length: 512
Epoch: 1, Step: 80, Rank: 0, loss = 1.0974217653274536
Epoch: 1, Step: 80, Rank: 1, loss = 1.052627444267273
Model Parameters: 6.927 B, Latency: 2.53s, TFLOPs: 4.14, Samples/sec: 0.40, Time/seq 2.53s, Batch Size: 1, Sequence Length: 512
Epoch: 1, Step: 81, Rank: 1, loss = 1.4863699674606323Epoch: 1, Step: 81, Rank: 0, loss = 1.5216559171676636

Model Parameters: 6.927 B, Latency: 2.53s, TFLOPs: 4.13, Samples/sec: 0.39, Time/seq 2.53s, Batch Size: 1, Sequence Length: 512
Epoch: 1, Step: 82, Rank: 1, loss = 1.1979159116744995
Epoch: 1, Step: 82, Rank: 0, loss = 1.274079442024231
Model Parameters: 6.927 B, Latency: 2.56s, TFLOPs: 4.09, Samples/sec: 0.39, Time/seq 2.56s, Batch Size: 1, Sequence Length: 512
Epoch: 1, Step: 83, Rank: 1, loss = 0.7570053339004517
Epoch: 1, Step: 83, Rank: 0, loss = 1.2564489841461182
Model Parameters: 6.927 B, Latency: 2.62s, TFLOPs: 4.00, Samples/sec: 0.38, Time/seq 2.62s, Batch Size: 1, Sequence Length: 512
Epoch: 1, Step: 84, Rank: 1, loss = 1.7163796424865723
Epoch: 1, Step: 84, Rank: 0, loss = 1.3531897068023682
Model Parameters: 6.927 B, Latency: 2.53s, TFLOPs: 4.13, Samples/sec: 0.39, Time/seq 2.53s, Batch Size: 1, Sequence Length: 512
Epoch: 1, Step: 85, Rank: 0, loss = 0.7752978205680847Epoch: 1, Step: 85, Rank: 1, loss = 1.18315851688385

Model Parameters: 6.927 B, Latency: 2.54s, TFLOPs: 4.13, Samples/sec: 0.39, Time/seq 2.54s, Batch Size: 1, Sequence Length: 512
Epoch: 1, Step: 86, Rank: 0, loss = 1.3585662841796875
Epoch: 1, Step: 86, Rank: 1, loss = 1.5844413042068481
Model Parameters: 6.927 B, Latency: 2.56s, TFLOPs: 4.09, Samples/sec: 0.39, Time/seq 2.56s, Batch Size: 1, Sequence Length: 512
Epoch: 1, Step: 87, Rank: 0, loss = 1.982459306716919
Epoch: 1, Step: 87, Rank: 1, loss = 1.6022884845733643
Model Parameters: 6.927 B, Latency: 2.62s, TFLOPs: 4.00, Samples/sec: 0.38, Time/seq 2.62s, Batch Size: 1, Sequence Length: 512
Epoch: 1, Step: 88, Rank: 1, loss = 1.349226951599121
Epoch: 1, Step: 88, Rank: 0, loss = 1.5332220792770386
Model Parameters: 6.927 B, Latency: 2.53s, TFLOPs: 4.13, Samples/sec: 0.39, Time/seq 2.53s, Batch Size: 1, Sequence Length: 512
Epoch: 1, Step: 89, Rank: 0, loss = 1.5027321577072144
Epoch: 1, Step: 89, Rank: 1, loss = 1.2768051624298096
Model Parameters: 6.927 B, Latency: 2.53s, TFLOPs: 4.13, Samples/sec: 0.39, Time/seq 2.53s, Batch Size: 1, Sequence Length: 512
Epoch: 1, Step: 90, Rank: 1, loss = 1.8537003993988037
Epoch: 1, Step: 90, Rank: 0, loss = 1.1501014232635498
Model Parameters: 6.927 B, Latency: 2.55s, TFLOPs: 4.10, Samples/sec: 0.39, Time/seq 2.55s, Batch Size: 1, Sequence Length: 512
Epoch: 1, Step: 91, Rank: 0, loss = 1.2886545658111572
Epoch: 1, Step: 91, Rank: 1, loss = 1.2007886171340942
Model Parameters: 6.927 B, Latency: 2.62s, TFLOPs: 3.99, Samples/sec: 0.38, Time/seq 2.62s, Batch Size: 1, Sequence Length: 512
Epoch: 1, Step: 92, Rank: 0, loss = 1.322604775428772
Epoch: 1, Step: 92, Rank: 1, loss = 1.5426408052444458
Model Parameters: 6.927 B, Latency: 2.53s, TFLOPs: 4.14, Samples/sec: 0.40, Time/seq 2.53s, Batch Size: 1, Sequence Length: 512
Epoch: 1, Step: 93, Rank: 1, loss = 0.7184572815895081
Epoch: 1, Step: 93, Rank: 0, loss = 1.4376100301742554
Model Parameters: 6.927 B, Latency: 2.55s, TFLOPs: 4.10, Samples/sec: 0.39, Time/seq 2.55s, Batch Size: 1, Sequence Length: 512
Epoch: 1, Step: 94, Rank: 0, loss = 1.4885276556015015
Epoch: 1, Step: 94, Rank: 1, loss = 1.324441909790039
Model Parameters: 6.927 B, Latency: 2.59s, TFLOPs: 4.05, Samples/sec: 0.39, Time/seq 2.59s, Batch Size: 1, Sequence Length: 512
Epoch: 1, Step: 95, Rank: 0, loss = 1.1978994607925415Epoch: 1, Step: 95, Rank: 1, loss = 1.6361783742904663

Model Parameters: 6.927 B, Latency: 2.62s, TFLOPs: 4.00, Samples/sec: 0.38, Time/seq 2.62s, Batch Size: 1, Sequence Length: 512
Epoch: 1, Step: 96, Rank: 0, loss = 1.4540494680404663
Epoch: 1, Step: 96, Rank: 1, loss = 0.7103498578071594
Model Parameters: 6.927 B, Latency: 2.54s, TFLOPs: 4.13, Samples/sec: 0.39, Time/seq 2.54s, Batch Size: 1, Sequence Length: 512
Epoch: 1, Step: 97, Rank: 0, loss = 1.3162754774093628
Epoch: 1, Step: 97, Rank: 1, loss = 1.2388492822647095
Model Parameters: 6.927 B, Latency: 2.53s, TFLOPs: 4.13, Samples/sec: 0.39, Time/seq 2.53s, Batch Size: 1, Sequence Length: 512
Epoch: 1, Step: 98, Rank: 0, loss = 1.6584551334381104
Epoch: 1, Step: 98, Rank: 1, loss = 1.5893234014511108
Model Parameters: 6.927 B, Latency: 2.56s, TFLOPs: 4.09, Samples/sec: 0.39, Time/seq 2.56s, Batch Size: 1, Sequence Length: 512
Epoch: 1, Step: 99, Rank: 1, loss = 0.9410026669502258Epoch: 1, Step: 99, Rank: 0, loss = 1.3670486211776733

Model Parameters: 6.927 B, Latency: 2.62s, TFLOPs: 4.00, Samples/sec: 0.38, Time/seq 2.62s, Batch Size: 1, Sequence Length: 512
Epoch: 1, Step: 100, Rank: 1, loss = 1.0635937452316284
Epoch: 1, Step: 100, Rank: 0, loss = 1.605539321899414
Model Parameters: 6.927 B, Latency: 2.54s, TFLOPs: 4.12, Samples/sec: 0.39, Time/seq 2.54s, Batch Size: 1, Sequence Length: 512
Epoch: 1, Step: 101, Rank: 1, loss = 1.588101863861084
Epoch: 1, Step: 101, Rank: 0, loss = 1.7365995645523071
Model Parameters: 6.927 B, Latency: 2.53s, TFLOPs: 4.13, Samples/sec: 0.39, Time/seq 2.53s, Batch Size: 1, Sequence Length: 512
Epoch: 1, Step: 102, Rank: 1, loss = 1.4405962228775024Epoch: 1, Step: 102, Rank: 0, loss = 1.5370173454284668

Model Parameters: 6.927 B, Latency: 2.56s, TFLOPs: 4.09, Samples/sec: 0.39, Time/seq 2.56s, Batch Size: 1, Sequence Length: 512
Epoch: 1, Step: 103, Rank: 0, loss = 1.5322076082229614
Epoch: 1, Step: 103, Rank: 1, loss = 1.2230033874511719
Model Parameters: 6.927 B, Latency: 2.61s, TFLOPs: 4.01, Samples/sec: 0.38, Time/seq 2.61s, Batch Size: 1, Sequence Length: 512
Epoch: 1, Step: 104, Rank: 0, loss = 1.6750288009643555
Epoch: 1, Step: 104, Rank: 1, loss = 1.4885575771331787
Model Parameters: 6.927 B, Latency: 2.54s, TFLOPs: 4.12, Samples/sec: 0.39, Time/seq 2.54s, Batch Size: 1, Sequence Length: 512
Epoch: 1, Step: 105, Rank: 1, loss = 1.1462047100067139
Epoch: 1, Step: 105, Rank: 0, loss = 1.6156556606292725
Model Parameters: 6.927 B, Latency: 2.54s, TFLOPs: 4.12, Samples/sec: 0.39, Time/seq 2.54s, Batch Size: 1, Sequence Length: 512
Epoch: 1, Step: 106, Rank: 1, loss = 1.8582316637039185
Epoch: 1, Step: 106, Rank: 0, loss = 1.1256686449050903
Model Parameters: 6.927 B, Latency: 2.56s, TFLOPs: 4.10, Samples/sec: 0.39, Time/seq 2.56s, Batch Size: 1, Sequence Length: 512
Epoch: 1, Step: 107, Rank: 0, loss = 1.3563640117645264
Epoch: 1, Step: 107, Rank: 1, loss = 1.3264589309692383
Model Parameters: 6.927 B, Latency: 2.61s, TFLOPs: 4.01, Samples/sec: 0.38, Time/seq 2.61s, Batch Size: 1, Sequence Length: 512
Epoch: 1, Step: 108, Rank: 1, loss = 1.0222090482711792
Epoch: 1, Step: 108, Rank: 0, loss = 0.8561407923698425
Model Parameters: 6.927 B, Latency: 2.53s, TFLOPs: 4.13, Samples/sec: 0.39, Time/seq 2.53s, Batch Size: 1, Sequence Length: 512
Epoch: 1, Step: 109, Rank: 0, loss = 0.8312492370605469
Epoch: 1, Step: 109, Rank: 1, loss = 1.6254440546035767
Model Parameters: 6.927 B, Latency: 2.54s, TFLOPs: 4.12, Samples/sec: 0.39, Time/seq 2.54s, Batch Size: 1, Sequence Length: 512
Epoch: 1, Step: 110, Rank: 0, loss = 0.836146354675293
Epoch: 1, Step: 110, Rank: 1, loss = 1.294498324394226
Model Parameters: 6.927 B, Latency: 2.56s, TFLOPs: 4.08, Samples/sec: 0.39, Time/seq 2.56s, Batch Size: 1, Sequence Length: 512
Epoch: 1, Step: 111, Rank: 1, loss = 0.9595876336097717Epoch: 1, Step: 111, Rank: 0, loss = 1.4824861288070679

Model Parameters: 6.927 B, Latency: 2.61s, TFLOPs: 4.01, Samples/sec: 0.38, Time/seq 2.61s, Batch Size: 1, Sequence Length: 512
Epoch: 1, Step: 112, Rank: 1, loss = 1.0202640295028687
Epoch: 1, Step: 112, Rank: 0, loss = 0.7241718173027039
Model Parameters: 6.927 B, Latency: 2.54s, TFLOPs: 4.13, Samples/sec: 0.39, Time/seq 2.54s, Batch Size: 1, Sequence Length: 512
Epoch: 1, Step: 113, Rank: 1, loss = 1.4957767724990845
Epoch: 1, Step: 113, Rank: 0, loss = 1.467490315437317
Model Parameters: 6.927 B, Latency: 2.53s, TFLOPs: 4.13, Samples/sec: 0.39, Time/seq 2.53s, Batch Size: 1, Sequence Length: 512
Epoch: 1, Step: 114, Rank: 0, loss = 1.3261221647262573Epoch: 1, Step: 114, Rank: 1, loss = 1.5535341501235962

Model Parameters: 6.927 B, Latency: 2.56s, TFLOPs: 4.09, Samples/sec: 0.39, Time/seq 2.56s, Batch Size: 1, Sequence Length: 512
Epoch: 1, Step: 115, Rank: 0, loss = 1.0750285387039185
Epoch: 1, Step: 115, Rank: 1, loss = 1.5684715509414673
Model Parameters: 6.927 B, Latency: 2.62s, TFLOPs: 4.00, Samples/sec: 0.38, Time/seq 2.62s, Batch Size: 1, Sequence Length: 512
Epoch: 1, Step: 116, Rank: 0, loss = 1.5007327795028687
Epoch: 1, Step: 116, Rank: 1, loss = 1.5397182703018188
Model Parameters: 6.927 B, Latency: 2.54s, TFLOPs: 4.13, Samples/sec: 0.39, Time/seq 2.54s, Batch Size: 1, Sequence Length: 512
Epoch: 1, Step: 117, Rank: 0, loss = 1.239363670349121
Epoch: 1, Step: 117, Rank: 1, loss = 1.0185543298721313
Model Parameters: 6.927 B, Latency: 2.53s, TFLOPs: 4.13, Samples/sec: 0.39, Time/seq 2.53s, Batch Size: 1, Sequence Length: 512
Epoch: 1, Step: 118, Rank: 0, loss = 1.7822990417480469
Epoch: 1, Step: 118, Rank: 1, loss = 1.7920540571212769
Model Parameters: 6.927 B, Latency: 2.56s, TFLOPs: 4.08, Samples/sec: 0.39, Time/seq 2.56s, Batch Size: 1, Sequence Length: 512
Epoch: 1, Step: 119, Rank: 1, loss = 1.0015424489974976Epoch: 1, Step: 119, Rank: 0, loss = 1.125535488128662

Model Parameters: 6.927 B, Latency: 2.61s, TFLOPs: 4.00, Samples/sec: 0.38, Time/seq 2.61s, Batch Size: 1, Sequence Length: 512
Epoch: 1, Step: 120, Rank: 0, loss = 1.1494754552841187
Epoch: 1, Step: 120, Rank: 1, loss = 1.4317528009414673
Model Parameters: 6.927 B, Latency: 2.54s, TFLOPs: 4.13, Samples/sec: 0.39, Time/seq 2.54s, Batch Size: 1, Sequence Length: 512
Epoch: 1, Step: 121, Rank: 0, loss = 1.3585045337677002
Epoch: 1, Step: 121, Rank: 1, loss = 1.6722321510314941
Model Parameters: 6.927 B, Latency: 2.54s, TFLOPs: 4.12, Samples/sec: 0.39, Time/seq 2.54s, Batch Size: 1, Sequence Length: 512
Epoch: 1, Step: 122, Rank: 0, loss = 1.3282222747802734Epoch: 1, Step: 122, Rank: 1, loss = 1.2348135709762573

Model Parameters: 6.927 B, Latency: 2.56s, TFLOPs: 4.09, Samples/sec: 0.39, Time/seq 2.56s, Batch Size: 1, Sequence Length: 512
Epoch: 1, Step: 123, Rank: 0, loss = 1.323991298675537Epoch: 1, Step: 123, Rank: 1, loss = 1.3587050437927246

Model Parameters: 6.927 B, Latency: 2.62s, TFLOPs: 4.00, Samples/sec: 0.38, Time/seq 2.62s, Batch Size: 1, Sequence Length: 512
Epoch: 1, Step: 124, Rank: 1, loss = 1.3821018934249878
Epoch: 1, Step: 124, Rank: 0, loss = 1.5369142293930054
Model Parameters: 6.927 B, Latency: 2.54s, TFLOPs: 4.11, Samples/sec: 0.39, Time/seq 2.54s, Batch Size: 1, Sequence Length: 512
Epoch: 1, Step: 125, Rank: 1, loss = 1.0843616724014282
Epoch: 1, Step: 125, Rank: 0, loss = 1.4530202150344849
Model Parameters: 6.927 B, Latency: 2.54s, TFLOPs: 4.13, Samples/sec: 0.39, Time/seq 2.54s, Batch Size: 1, Sequence Length: 512
Epoch: 1, Step: 126, Rank: 1, loss = 1.4682172536849976
Epoch: 1, Step: 126, Rank: 0, loss = 1.1187468767166138
Model Parameters: 6.927 B, Latency: 2.55s, TFLOPs: 4.10, Samples/sec: 0.39, Time/seq 2.55s, Batch Size: 1, Sequence Length: 512
Epoch: 1, Step: 127, Rank: 1, loss = 1.2791544198989868Epoch: 1, Step: 127, Rank: 0, loss = 1.184311866760254

Model Parameters: 6.927 B, Latency: 2.61s, TFLOPs: 4.01, Samples/sec: 0.38, Time/seq 2.61s, Batch Size: 1, Sequence Length: 512
Epoch: 1, Step: 128, Rank: 0, loss = 1.3849191665649414
Epoch: 1, Step: 128, Rank: 1, loss = 1.1305556297302246
Model Parameters: 6.927 B, Latency: 2.54s, TFLOPs: 4.12, Samples/sec: 0.39, Time/seq 2.54s, Batch Size: 1, Sequence Length: 512
Epoch: 1, Step: 129, Rank: 1, loss = 1.5660021305084229
Epoch: 1, Step: 129, Rank: 0, loss = 1.3485486507415771
Model Parameters: 6.927 B, Latency: 2.54s, TFLOPs: 4.13, Samples/sec: 0.39, Time/seq 2.54s, Batch Size: 1, Sequence Length: 512
Epoch: 1, Step: 130, Rank: 0, loss = 1.7492972612380981
Epoch: 1, Step: 130, Rank: 1, loss = 1.1180559396743774
Model Parameters: 6.927 B, Latency: 2.55s, TFLOPs: 4.10, Samples/sec: 0.39, Time/seq 2.55s, Batch Size: 1, Sequence Length: 512
Epoch: 1, Step: 131, Rank: 1, loss = 1.2454854249954224Epoch: 1, Step: 131, Rank: 0, loss = 1.6864078044891357

Model Parameters: 6.927 B, Latency: 2.62s, TFLOPs: 4.00, Samples/sec: 0.38, Time/seq 2.62s, Batch Size: 1, Sequence Length: 512
Epoch: 1, Step: 132, Rank: 0, loss = 1.4540401697158813
Epoch: 1, Step: 132, Rank: 1, loss = 1.4840625524520874
Model Parameters: 6.927 B, Latency: 2.54s, TFLOPs: 4.13, Samples/sec: 0.39, Time/seq 2.54s, Batch Size: 1, Sequence Length: 512
Epoch: 1, Step: 133, Rank: 1, loss = 1.3977391719818115
Epoch: 1, Step: 133, Rank: 0, loss = 1.0350017547607422
Model Parameters: 6.927 B, Latency: 2.54s, TFLOPs: 4.12, Samples/sec: 0.39, Time/seq 2.54s, Batch Size: 1, Sequence Length: 512
Epoch: 1, Step: 134, Rank: 1, loss = 0.977985143661499
Epoch: 1, Step: 134, Rank: 0, loss = 1.4311853647232056
Model Parameters: 6.927 B, Latency: 2.55s, TFLOPs: 4.10, Samples/sec: 0.39, Time/seq 2.55s, Batch Size: 1, Sequence Length: 512
Epoch: 1, Step: 135, Rank: 1, loss = 0.950111448764801Epoch: 1, Step: 135, Rank: 0, loss = 0.9896756410598755

Model Parameters: 6.927 B, Latency: 2.61s, TFLOPs: 4.01, Samples/sec: 0.38, Time/seq 2.61s, Batch Size: 1, Sequence Length: 512
Epoch: 1, Step: 136, Rank: 1, loss = 1.2857666015625
Epoch: 1, Step: 136, Rank: 0, loss = 1.571146011352539
Model Parameters: 6.927 B, Latency: 2.53s, TFLOPs: 4.13, Samples/sec: 0.39, Time/seq 2.53s, Batch Size: 1, Sequence Length: 512
Epoch: 1, Step: 137, Rank: 1, loss = 1.4479217529296875
Epoch: 1, Step: 137, Rank: 0, loss = 1.4217171669006348
Model Parameters: 6.927 B, Latency: 2.53s, TFLOPs: 4.13, Samples/sec: 0.39, Time/seq 2.53s, Batch Size: 1, Sequence Length: 512
Epoch: 1, Step: 138, Rank: 0, loss = 1.0531920194625854
Epoch: 1, Step: 138, Rank: 1, loss = 0.9070559144020081
Model Parameters: 6.927 B, Latency: 2.55s, TFLOPs: 4.10, Samples/sec: 0.39, Time/seq 2.55s, Batch Size: 1, Sequence Length: 512
Epoch: 1, Step: 139, Rank: 1, loss = 1.6158570051193237
Epoch: 1, Step: 139, Rank: 0, loss = 1.5028409957885742
Model Parameters: 6.927 B, Latency: 2.62s, TFLOPs: 3.99, Samples/sec: 0.38, Time/seq 2.62s, Batch Size: 1, Sequence Length: 512
Epoch: 1, Step: 140, Rank: 1, loss = 1.476564645767212
Epoch: 1, Step: 140, Rank: 0, loss = 1.4090757369995117
Model Parameters: 6.927 B, Latency: 2.53s, TFLOPs: 4.13, Samples/sec: 0.39, Time/seq 2.53s, Batch Size: 1, Sequence Length: 512
Epoch: 1, Step: 141, Rank: 0, loss = 1.5537596940994263Epoch: 1, Step: 141, Rank: 1, loss = 1.3568936586380005

Model Parameters: 6.927 B, Latency: 2.53s, TFLOPs: 4.13, Samples/sec: 0.39, Time/seq 2.53s, Batch Size: 1, Sequence Length: 512
Epoch: 1, Step: 142, Rank: 0, loss = 1.4751781225204468
Epoch: 1, Step: 142, Rank: 1, loss = 1.0198960304260254
Model Parameters: 6.927 B, Latency: 2.55s, TFLOPs: 4.11, Samples/sec: 0.39, Time/seq 2.55s, Batch Size: 1, Sequence Length: 512
Epoch: 1, Step: 143, Rank: 0, loss = 1.4305135011672974
Epoch: 1, Step: 143, Rank: 1, loss = 1.4387186765670776
Model Parameters: 6.927 B, Latency: 2.62s, TFLOPs: 3.99, Samples/sec: 0.38, Time/seq 2.62s, Batch Size: 1, Sequence Length: 512
Epoch: 1, Step: 144, Rank: 0, loss = 0.8442295789718628
Epoch: 1, Step: 144, Rank: 1, loss = 1.2996950149536133
Model Parameters: 6.927 B, Latency: 2.53s, TFLOPs: 4.13, Samples/sec: 0.39, Time/seq 2.53s, Batch Size: 1, Sequence Length: 512
Epoch: 1, Step: 145, Rank: 1, loss = 1.2581164836883545
Epoch: 1, Step: 145, Rank: 0, loss = 1.0145130157470703
Model Parameters: 6.927 B, Latency: 2.54s, TFLOPs: 4.13, Samples/sec: 0.39, Time/seq 2.54s, Batch Size: 1, Sequence Length: 512
Epoch: 1, Step: 146, Rank: 1, loss = 1.4039987325668335
Epoch: 1, Step: 146, Rank: 0, loss = 1.1287603378295898
Model Parameters: 6.927 B, Latency: 2.55s, TFLOPs: 4.10, Samples/sec: 0.39, Time/seq 2.55s, Batch Size: 1, Sequence Length: 512
Epoch: 1, Step: 147, Rank: 0, loss = 1.2283096313476562Epoch: 1, Step: 147, Rank: 1, loss = 1.8461629152297974

Model Parameters: 6.927 B, Latency: 2.62s, TFLOPs: 3.99, Samples/sec: 0.38, Time/seq 2.62s, Batch Size: 1, Sequence Length: 512
Epoch: 1, Step: 148, Rank: 1, loss = 1.1898036003112793
Epoch: 1, Step: 148, Rank: 0, loss = 1.5525994300842285
Model Parameters: 6.927 B, Latency: 2.54s, TFLOPs: 4.13, Samples/sec: 0.39, Time/seq 2.54s, Batch Size: 1, Sequence Length: 512
Epoch: 1, Step: 149, Rank: 0, loss = 1.4569756984710693
Epoch: 1, Step: 149, Rank: 1, loss = 1.6148707866668701
Model Parameters: 6.927 B, Latency: 2.53s, TFLOPs: 4.13, Samples/sec: 0.39, Time/seq 2.53s, Batch Size: 1, Sequence Length: 512
Epoch: 1, Step: 150, Rank: 1, loss = 1.273552656173706
Epoch: 1, Step: 150, Rank: 0, loss = 1.58208167552948
Model Parameters: 6.927 B, Latency: 2.55s, TFLOPs: 4.11, Samples/sec: 0.39, Time/seq 2.55s, Batch Size: 1, Sequence Length: 512
Epoch: 1, Step: 151, Rank: 0, loss = 1.0977104902267456
Epoch: 1, Step: 151, Rank: 1, loss = 1.3355563879013062
Model Parameters: 6.927 B, Latency: 2.61s, TFLOPs: 4.00, Samples/sec: 0.38, Time/seq 2.61s, Batch Size: 1, Sequence Length: 512
Epoch: 1, Step: 152, Rank: 0, loss = 1.1488367319107056Epoch: 1, Step: 152, Rank: 1, loss = 1.4423949718475342

Model Parameters: 6.927 B, Latency: 2.54s, TFLOPs: 4.12, Samples/sec: 0.39, Time/seq 2.54s, Batch Size: 1, Sequence Length: 512
Epoch: 1, Step: 153, Rank: 1, loss = 1.3239338397979736
Epoch: 1, Step: 153, Rank: 0, loss = 1.4005869626998901
Model Parameters: 6.927 B, Latency: 2.53s, TFLOPs: 4.13, Samples/sec: 0.39, Time/seq 2.53s, Batch Size: 1, Sequence Length: 512
Epoch: 1, Step: 154, Rank: 0, loss = 1.1335601806640625
Epoch: 1, Step: 154, Rank: 1, loss = 1.4447300434112549
Model Parameters: 6.927 B, Latency: 2.55s, TFLOPs: 4.11, Samples/sec: 0.39, Time/seq 2.55s, Batch Size: 1, Sequence Length: 512
Epoch: 1, Step: 155, Rank: 0, loss = 1.3636428117752075
Epoch: 1, Step: 155, Rank: 1, loss = 1.435075044631958
Model Parameters: 6.927 B, Latency: 2.62s, TFLOPs: 4.00, Samples/sec: 0.38, Time/seq 2.62s, Batch Size: 1, Sequence Length: 512
Epoch: 1, Step: 156, Rank: 1, loss = 1.4751673936843872
Epoch: 1, Step: 156, Rank: 0, loss = 0.7780874371528625
Model Parameters: 6.927 B, Latency: 2.57s, TFLOPs: 4.08, Samples/sec: 0.39, Time/seq 2.57s, Batch Size: 1, Sequence Length: 512
Epoch: 1, Step: 157, Rank: 0, loss = 1.5029326677322388
Epoch: 1, Step: 157, Rank: 1, loss = 0.7880048155784607
Model Parameters: 6.927 B, Latency: 2.56s, TFLOPs: 4.09, Samples/sec: 0.39, Time/seq 2.56s, Batch Size: 1, Sequence Length: 512
Epoch: 1, Step: 158, Rank: 1, loss = 1.6259220838546753
Epoch: 1, Step: 158, Rank: 0, loss = 1.6933695077896118
Model Parameters: 6.927 B, Latency: 2.55s, TFLOPs: 4.11, Samples/sec: 0.39, Time/seq 2.55s, Batch Size: 1, Sequence Length: 512
Epoch: 1, Step: 159, Rank: 1, loss = 1.7209140062332153Epoch: 1, Step: 159, Rank: 0, loss = 1.6037523746490479

Model Parameters: 6.927 B, Latency: 2.65s, TFLOPs: 3.95, Samples/sec: 0.38, Time/seq 2.65s, Batch Size: 1, Sequence Length: 512
Epoch: 1, Step: 160, Rank: 0, loss = 1.4990516901016235
Epoch: 1, Step: 160, Rank: 1, loss = 1.5284019708633423
Model Parameters: 6.927 B, Latency: 2.53s, TFLOPs: 4.13, Samples/sec: 0.39, Time/seq 2.53s, Batch Size: 1, Sequence Length: 512
Epoch: 1, Step: 161, Rank: 1, loss = 1.5091361999511719Epoch: 1, Step: 161, Rank: 0, loss = 1.1537518501281738

Model Parameters: 6.927 B, Latency: 2.54s, TFLOPs: 4.13, Samples/sec: 0.39, Time/seq 2.54s, Batch Size: 1, Sequence Length: 512
Epoch: 1, Step: 162, Rank: 0, loss = 1.0030388832092285
Epoch: 1, Step: 162, Rank: 1, loss = 1.3214399814605713
Model Parameters: 6.927 B, Latency: 2.55s, TFLOPs: 4.11, Samples/sec: 0.39, Time/seq 2.55s, Batch Size: 1, Sequence Length: 512
Epoch: 1, Step: 163, Rank: 0, loss = 0.6798728108406067Epoch: 1, Step: 163, Rank: 1, loss = 1.5960088968276978

Model Parameters: 6.927 B, Latency: 2.62s, TFLOPs: 3.99, Samples/sec: 0.38, Time/seq 2.62s, Batch Size: 1, Sequence Length: 512
Epoch: 1, Step: 164, Rank: 0, loss = 1.1555659770965576
Epoch: 1, Step: 164, Rank: 1, loss = 1.4561052322387695
Model Parameters: 6.927 B, Latency: 2.53s, TFLOPs: 4.13, Samples/sec: 0.39, Time/seq 2.53s, Batch Size: 1, Sequence Length: 512
Epoch: 1, Step: 165, Rank: 0, loss = 1.4223151206970215
Epoch: 1, Step: 165, Rank: 1, loss = 0.8546793460845947
Model Parameters: 6.927 B, Latency: 2.54s, TFLOPs: 4.13, Samples/sec: 0.39, Time/seq 2.54s, Batch Size: 1, Sequence Length: 512
Epoch: 1, Step: 166, Rank: 0, loss = 1.2415661811828613
Epoch: 1, Step: 166, Rank: 1, loss = 1.122072458267212
Model Parameters: 6.927 B, Latency: 2.55s, TFLOPs: 4.10, Samples/sec: 0.39, Time/seq 2.55s, Batch Size: 1, Sequence Length: 512
Epoch: 1, Step: 167, Rank: 0, loss = 1.4098902940750122Epoch: 1, Step: 167, Rank: 1, loss = 1.2554144859313965

Model Parameters: 6.927 B, Latency: 2.62s, TFLOPs: 4.00, Samples/sec: 0.38, Time/seq 2.62s, Batch Size: 1, Sequence Length: 512
Epoch: 1, Step: 168, Rank: 0, loss = 1.2439618110656738
Epoch: 1, Step: 168, Rank: 1, loss = 1.2549594640731812
Model Parameters: 6.927 B, Latency: 2.53s, TFLOPs: 4.14, Samples/sec: 0.40, Time/seq 2.53s, Batch Size: 1, Sequence Length: 512
Epoch: 1, Step: 169, Rank: 0, loss = 1.4910762310028076
Epoch: 1, Step: 169, Rank: 1, loss = 1.4089841842651367
Model Parameters: 6.927 B, Latency: 2.53s, TFLOPs: 4.13, Samples/sec: 0.40, Time/seq 2.53s, Batch Size: 1, Sequence Length: 512
Epoch: 1, Step: 170, Rank: 0, loss = 1.5284003019332886
Epoch: 1, Step: 170, Rank: 1, loss = 1.7760610580444336
Model Parameters: 6.927 B, Latency: 2.55s, TFLOPs: 4.10, Samples/sec: 0.39, Time/seq 2.55s, Batch Size: 1, Sequence Length: 512
Epoch: 1, Step: 171, Rank: 0, loss = 1.7557399272918701Epoch: 1, Step: 171, Rank: 1, loss = 1.5273232460021973

Model Parameters: 6.927 B, Latency: 2.63s, TFLOPs: 3.98, Samples/sec: 0.38, Time/seq 2.63s, Batch Size: 1, Sequence Length: 512
Epoch: 1, Step: 172, Rank: 1, loss = 1.416861653327942
Epoch: 1, Step: 172, Rank: 0, loss = 1.4624145030975342
Model Parameters: 6.927 B, Latency: 2.53s, TFLOPs: 4.13, Samples/sec: 0.39, Time/seq 2.53s, Batch Size: 1, Sequence Length: 512
Epoch: 1, Step: 173, Rank: 0, loss = 1.2302839756011963
Epoch: 1, Step: 173, Rank: 1, loss = 1.2883142232894897
Model Parameters: 6.927 B, Latency: 2.53s, TFLOPs: 4.14, Samples/sec: 0.40, Time/seq 2.53s, Batch Size: 1, Sequence Length: 512
Epoch: 1, Step: 174, Rank: 0, loss = 1.7264997959136963
Epoch: 1, Step: 174, Rank: 1, loss = 1.8031996488571167
Model Parameters: 6.927 B, Latency: 2.56s, TFLOPs: 4.10, Samples/sec: 0.39, Time/seq 2.56s, Batch Size: 1, Sequence Length: 512
Epoch: 1, Step: 175, Rank: 0, loss = 1.1843096017837524Epoch: 1, Step: 175, Rank: 1, loss = 1.2895386219024658

Model Parameters: 6.927 B, Latency: 2.62s, TFLOPs: 3.99, Samples/sec: 0.38, Time/seq 2.62s, Batch Size: 1, Sequence Length: 512
Epoch: 1, Step: 176, Rank: 1, loss = 1.330167293548584Epoch: 1, Step: 176, Rank: 0, loss = 1.5542298555374146

Model Parameters: 6.927 B, Latency: 2.55s, TFLOPs: 4.11, Samples/sec: 0.39, Time/seq 2.55s, Batch Size: 1, Sequence Length: 512
Epoch: 1, Step: 177, Rank: 0, loss = 1.4113540649414062
Epoch: 1, Step: 177, Rank: 1, loss = 1.6906440258026123
Model Parameters: 6.927 B, Latency: 2.52s, TFLOPs: 4.15, Samples/sec: 0.40, Time/seq 2.52s, Batch Size: 1, Sequence Length: 512
Epoch: 1, Step: 178, Rank: 1, loss = 1.3009785413742065
Epoch: 1, Step: 178, Rank: 0, loss = 1.7250947952270508
Model Parameters: 6.927 B, Latency: 2.56s, TFLOPs: 4.10, Samples/sec: 0.39, Time/seq 2.56s, Batch Size: 1, Sequence Length: 512
Epoch: 1, Step: 179, Rank: 1, loss = 1.6533377170562744Epoch: 1, Step: 179, Rank: 0, loss = 1.1042600870132446

Model Parameters: 6.927 B, Latency: 2.62s, TFLOPs: 3.99, Samples/sec: 0.38, Time/seq 2.62s, Batch Size: 1, Sequence Length: 512
Epoch: 1, Step: 180, Rank: 0, loss = 1.1010351181030273
Epoch: 1, Step: 180, Rank: 1, loss = 1.0896692276000977
Model Parameters: 6.927 B, Latency: 2.54s, TFLOPs: 4.12, Samples/sec: 0.39, Time/seq 2.54s, Batch Size: 1, Sequence Length: 512
Epoch: 1, Step: 181, Rank: 1, loss = 1.2853206396102905
Epoch: 1, Step: 181, Rank: 0, loss = 1.333306074142456
Model Parameters: 6.927 B, Latency: 2.53s, TFLOPs: 4.14, Samples/sec: 0.40, Time/seq 2.53s, Batch Size: 1, Sequence Length: 512
Epoch: 1, Step: 182, Rank: 0, loss = 1.6528375148773193
Epoch: 1, Step: 182, Rank: 1, loss = 1.5095044374465942
Model Parameters: 6.927 B, Latency: 2.55s, TFLOPs: 4.10, Samples/sec: 0.39, Time/seq 2.55s, Batch Size: 1, Sequence Length: 512
Epoch: 1, Step: 183, Rank: 1, loss = 1.3418760299682617Epoch: 1, Step: 183, Rank: 0, loss = 1.1055008172988892

Model Parameters: 6.927 B, Latency: 2.62s, TFLOPs: 4.00, Samples/sec: 0.38, Time/seq 2.62s, Batch Size: 1, Sequence Length: 512
Epoch: 1, Step: 184, Rank: 1, loss = 1.6333138942718506
Epoch: 1, Step: 184, Rank: 0, loss = 1.5267390012741089
Model Parameters: 6.927 B, Latency: 2.53s, TFLOPs: 4.13, Samples/sec: 0.39, Time/seq 2.53s, Batch Size: 1, Sequence Length: 512
Epoch: 1, Step: 185, Rank: 1, loss = 1.752014398574829Epoch: 1, Step: 185, Rank: 0, loss = 1.1593948602676392

Model Parameters: 6.927 B, Latency: 2.53s, TFLOPs: 4.14, Samples/sec: 0.40, Time/seq 2.53s, Batch Size: 1, Sequence Length: 512
Epoch: 1, Step: 186, Rank: 1, loss = 1.5168108940124512
Epoch: 1, Step: 186, Rank: 0, loss = 1.130379557609558
Model Parameters: 6.927 B, Latency: 2.56s, TFLOPs: 4.10, Samples/sec: 0.39, Time/seq 2.56s, Batch Size: 1, Sequence Length: 512
Epoch: 1, Step: 187, Rank: 1, loss = 1.5100849866867065
Epoch: 1, Step: 187, Rank: 0, loss = 1.7841119766235352
Model Parameters: 6.927 B, Latency: 2.62s, TFLOPs: 3.99, Samples/sec: 0.38, Time/seq 2.62s, Batch Size: 1, Sequence Length: 512
Epoch: 1, Step: 188, Rank: 0, loss = 1.3524545431137085
Epoch: 1, Step: 188, Rank: 1, loss = 1.6646405458450317
Model Parameters: 6.927 B, Latency: 2.53s, TFLOPs: 4.13, Samples/sec: 0.39, Time/seq 2.53s, Batch Size: 1, Sequence Length: 512
Epoch: 1, Step: 189, Rank: 1, loss = 1.4485201835632324
Epoch: 1, Step: 189, Rank: 0, loss = 1.5590765476226807
Model Parameters: 6.927 B, Latency: 2.53s, TFLOPs: 4.14, Samples/sec: 0.40, Time/seq 2.53s, Batch Size: 1, Sequence Length: 512
Epoch: 1, Step: 190, Rank: 1, loss = 1.1641218662261963
Epoch: 1, Step: 190, Rank: 0, loss = 1.3846083879470825
Model Parameters: 6.927 B, Latency: 2.57s, TFLOPs: 4.08, Samples/sec: 0.39, Time/seq 2.57s, Batch Size: 1, Sequence Length: 512
Epoch: 1, Step: 191, Rank: 0, loss = 1.525784969329834Epoch: 1, Step: 191, Rank: 1, loss = 1.4399018287658691

Model Parameters: 6.927 B, Latency: 2.62s, TFLOPs: 4.00, Samples/sec: 0.38, Time/seq 2.62s, Batch Size: 1, Sequence Length: 512
Epoch: 1, Step: 192, Rank: 0, loss = 1.0401660203933716Epoch: 1, Step: 192, Rank: 1, loss = 1.0253793001174927

Model Parameters: 6.927 B, Latency: 2.54s, TFLOPs: 4.13, Samples/sec: 0.39, Time/seq 2.54s, Batch Size: 1, Sequence Length: 512
Epoch: 1, Step: 193, Rank: 1, loss = 1.5620888471603394
Epoch: 1, Step: 193, Rank: 0, loss = 1.4985239505767822
Model Parameters: 6.927 B, Latency: 2.53s, TFLOPs: 4.14, Samples/sec: 0.40, Time/seq 2.53s, Batch Size: 1, Sequence Length: 512
Epoch: 1, Step: 194, Rank: 1, loss = 1.4488157033920288
Epoch: 1, Step: 194, Rank: 0, loss = 1.9776456356048584
Model Parameters: 6.927 B, Latency: 2.56s, TFLOPs: 4.09, Samples/sec: 0.39, Time/seq 2.56s, Batch Size: 1, Sequence Length: 512
Epoch: 1, Step: 195, Rank: 1, loss = 1.4191097021102905Epoch: 1, Step: 195, Rank: 0, loss = 0.9488683342933655

Model Parameters: 6.927 B, Latency: 2.62s, TFLOPs: 4.00, Samples/sec: 0.38, Time/seq 2.62s, Batch Size: 1, Sequence Length: 512
Epoch: 1, Step: 196, Rank: 0, loss = 1.4581353664398193
Epoch: 1, Step: 196, Rank: 1, loss = 1.4607608318328857
Model Parameters: 6.927 B, Latency: 2.72s, TFLOPs: 3.85, Samples/sec: 0.37, Time/seq 2.72s, Batch Size: 1, Sequence Length: 512
Epoch: 1, Step: 197, Rank: 0, loss = 1.6301661729812622
Epoch: 1, Step: 197, Rank: 1, loss = 0.8997310996055603
Model Parameters: 6.927 B, Latency: 2.53s, TFLOPs: 4.14, Samples/sec: 0.40, Time/seq 2.53s, Batch Size: 1, Sequence Length: 512
Epoch: 1, Step: 198, Rank: 1, loss = 1.378532886505127Epoch: 1, Step: 198, Rank: 0, loss = 0.9889311790466309

Model Parameters: 6.927 B, Latency: 2.55s, TFLOPs: 4.10, Samples/sec: 0.39, Time/seq 2.55s, Batch Size: 1, Sequence Length: 512
Epoch: 1, Step: 199, Rank: 0, loss = 1.5345919132232666
Epoch: 1, Step: 199, Rank: 1, loss = 1.472440242767334
Model Parameters: 6.927 B, Latency: 2.62s, TFLOPs: 3.99, Samples/sec: 0.38, Time/seq 2.62s, Batch Size: 1, Sequence Length: 512
Epoch: 1, Step: 200, Rank: 1, loss = 1.4072813987731934
Epoch: 1, Step: 200, Rank: 0, loss = 1.230780005455017
Model Parameters: 6.927 B, Latency: 2.53s, TFLOPs: 4.14, Samples/sec: 0.40, Time/seq 2.53s, Batch Size: 1, Sequence Length: 512
Epoch: 1, Step: 201, Rank: 1, loss = 1.1141663789749146
Epoch: 1, Step: 201, Rank: 0, loss = 1.3804941177368164
Model Parameters: 6.927 B, Latency: 2.53s, TFLOPs: 4.14, Samples/sec: 0.40, Time/seq 2.53s, Batch Size: 1, Sequence Length: 512
Epoch: 1, Step: 202, Rank: 1, loss = 1.5198678970336914
Epoch: 1, Step: 202, Rank: 0, loss = 1.545447826385498
Model Parameters: 6.927 B, Latency: 2.55s, TFLOPs: 4.10, Samples/sec: 0.39, Time/seq 2.55s, Batch Size: 1, Sequence Length: 512
Epoch: 1, Step: 203, Rank: 0, loss = 1.2953194379806519Epoch: 1, Step: 203, Rank: 1, loss = 1.691387414932251

Model Parameters: 6.927 B, Latency: 2.63s, TFLOPs: 3.98, Samples/sec: 0.38, Time/seq 2.63s, Batch Size: 1, Sequence Length: 512
Epoch: 1, Step: 204, Rank: 1, loss = 1.7104016542434692
Epoch: 1, Step: 204, Rank: 0, loss = 0.8839655518531799
Model Parameters: 6.927 B, Latency: 2.53s, TFLOPs: 4.14, Samples/sec: 0.40, Time/seq 2.53s, Batch Size: 1, Sequence Length: 512
Epoch: 1, Step: 205, Rank: 0, loss = 1.2818408012390137Epoch: 1, Step: 205, Rank: 1, loss = 1.5334410667419434

Model Parameters: 6.927 B, Latency: 2.53s, TFLOPs: 4.14, Samples/sec: 0.40, Time/seq 2.53s, Batch Size: 1, Sequence Length: 512
Epoch: 1, Step: 206, Rank: 1, loss = 1.1168525218963623
Epoch: 1, Step: 206, Rank: 0, loss = 1.4012914896011353
Model Parameters: 6.927 B, Latency: 2.56s, TFLOPs: 4.09, Samples/sec: 0.39, Time/seq 2.56s, Batch Size: 1, Sequence Length: 512
Epoch: 1, Step: 207, Rank: 0, loss = 1.6252965927124023
Epoch: 1, Step: 207, Rank: 1, loss = 1.1132566928863525
Model Parameters: 6.927 B, Latency: 2.62s, TFLOPs: 4.00, Samples/sec: 0.38, Time/seq 2.62s, Batch Size: 1, Sequence Length: 512
Epoch: 1, Step: 208, Rank: 1, loss = 1.4185856580734253
Epoch: 1, Step: 208, Rank: 0, loss = 1.4451154470443726
Model Parameters: 6.927 B, Latency: 2.53s, TFLOPs: 4.13, Samples/sec: 0.39, Time/seq 2.53s, Batch Size: 1, Sequence Length: 512
Epoch: 1, Step: 209, Rank: 1, loss = 0.7713502645492554
Epoch: 1, Step: 209, Rank: 0, loss = 1.4562381505966187
Model Parameters: 6.927 B, Latency: 2.53s, TFLOPs: 4.14, Samples/sec: 0.40, Time/seq 2.53s, Batch Size: 1, Sequence Length: 512
Epoch: 1, Step: 210, Rank: 0, loss = 1.3712111711502075
Epoch: 1, Step: 210, Rank: 1, loss = 1.8502092361450195
Model Parameters: 6.927 B, Latency: 2.55s, TFLOPs: 4.10, Samples/sec: 0.39, Time/seq 2.55s, Batch Size: 1, Sequence Length: 512
Epoch: 1, Step: 211, Rank: 0, loss = 1.7093302011489868Epoch: 1, Step: 211, Rank: 1, loss = 1.4907798767089844

Model Parameters: 6.927 B, Latency: 2.62s, TFLOPs: 3.99, Samples/sec: 0.38, Time/seq 2.62s, Batch Size: 1, Sequence Length: 512
Epoch: 1, Step: 212, Rank: 0, loss = 1.2389978170394897
Epoch: 1, Step: 212, Rank: 1, loss = 1.6658180952072144
Model Parameters: 6.927 B, Latency: 2.53s, TFLOPs: 4.14, Samples/sec: 0.40, Time/seq 2.53s, Batch Size: 1, Sequence Length: 512
Epoch: 1, Step: 213, Rank: 1, loss = 1.090631365776062Epoch: 1, Step: 213, Rank: 0, loss = 0.8144269585609436

Model Parameters: 6.927 B, Latency: 2.53s, TFLOPs: 4.13, Samples/sec: 0.39, Time/seq 2.53s, Batch Size: 1, Sequence Length: 512
Epoch: 1, Step: 214, Rank: 1, loss = 1.1639151573181152
Epoch: 1, Step: 214, Rank: 0, loss = 1.0963037014007568
Model Parameters: 6.927 B, Latency: 2.74s, TFLOPs: 3.83, Samples/sec: 0.37, Time/seq 2.74s, Batch Size: 1, Sequence Length: 512
Epoch: 1, Step: 215, Rank: 0, loss = 1.6054491996765137Epoch: 1, Step: 215, Rank: 1, loss = 1.2234925031661987

Model Parameters: 6.927 B, Latency: 2.61s, TFLOPs: 4.00, Samples/sec: 0.38, Time/seq 2.61s, Batch Size: 1, Sequence Length: 512
Epoch: 1, Step: 216, Rank: 1, loss = 1.8244949579238892
Epoch: 1, Step: 216, Rank: 0, loss = 1.2957628965377808
Model Parameters: 6.927 B, Latency: 2.53s, TFLOPs: 4.14, Samples/sec: 0.40, Time/seq 2.53s, Batch Size: 1, Sequence Length: 512
Epoch: 1, Step: 217, Rank: 0, loss = 1.3542802333831787
Epoch: 1, Step: 217, Rank: 1, loss = 0.7236787676811218
Model Parameters: 6.927 B, Latency: 2.54s, TFLOPs: 4.13, Samples/sec: 0.39, Time/seq 2.54s, Batch Size: 1, Sequence Length: 512
Epoch: 1, Step: 218, Rank: 1, loss = 1.8409497737884521
Epoch: 1, Step: 218, Rank: 0, loss = 1.56911301612854
Model Parameters: 6.927 B, Latency: 2.55s, TFLOPs: 4.10, Samples/sec: 0.39, Time/seq 2.55s, Batch Size: 1, Sequence Length: 512
Epoch: 1, Step: 219, Rank: 0, loss = 1.5412112474441528Epoch: 1, Step: 219, Rank: 1, loss = 0.8950000405311584

Model Parameters: 6.927 B, Latency: 2.62s, TFLOPs: 3.99, Samples/sec: 0.38, Time/seq 2.62s, Batch Size: 1, Sequence Length: 512
Epoch: 1, Step: 220, Rank: 1, loss = 1.3735052347183228
Epoch: 1, Step: 220, Rank: 0, loss = 1.654543399810791
Model Parameters: 6.927 B, Latency: 2.53s, TFLOPs: 4.14, Samples/sec: 0.40, Time/seq 2.53s, Batch Size: 1, Sequence Length: 512
Epoch: 1, Step: 221, Rank: 0, loss = 1.5593280792236328
Epoch: 1, Step: 221, Rank: 1, loss = 1.5988057851791382
Model Parameters: 6.927 B, Latency: 2.54s, TFLOPs: 4.12, Samples/sec: 0.39, Time/seq 2.54s, Batch Size: 1, Sequence Length: 512
Epoch: 1, Step: 222, Rank: 0, loss = 1.4556154012680054
Epoch: 1, Step: 222, Rank: 1, loss = 1.178370714187622
Model Parameters: 6.927 B, Latency: 2.56s, TFLOPs: 4.09, Samples/sec: 0.39, Time/seq 2.56s, Batch Size: 1, Sequence Length: 512
Epoch: 1, Step: 223, Rank: 0, loss = 0.9571356177330017
Epoch: 1, Step: 223, Rank: 1, loss = 1.5314263105392456
Model Parameters: 6.927 B, Latency: 2.61s, TFLOPs: 4.00, Samples/sec: 0.38, Time/seq 2.61s, Batch Size: 1, Sequence Length: 512
Epoch: 1, Step: 224, Rank: 0, loss = 1.4287420511245728
Epoch: 1, Step: 224, Rank: 1, loss = 1.356981635093689
Model Parameters: 6.927 B, Latency: 2.52s, TFLOPs: 4.15, Samples/sec: 0.40, Time/seq 2.52s, Batch Size: 1, Sequence Length: 512
Epoch: 1, Step: 225, Rank: 0, loss = 1.0764719247817993Epoch: 1, Step: 225, Rank: 1, loss = 1.07172429561615

Model Parameters: 6.927 B, Latency: 2.53s, TFLOPs: 4.13, Samples/sec: 0.39, Time/seq 2.53s, Batch Size: 1, Sequence Length: 512
Epoch: 1, Step: 226, Rank: 1, loss = 1.5352767705917358
Epoch: 1, Step: 226, Rank: 0, loss = 1.2172255516052246
Model Parameters: 6.927 B, Latency: 2.56s, TFLOPs: 4.08, Samples/sec: 0.39, Time/seq 2.56s, Batch Size: 1, Sequence Length: 512
Epoch: 1, Step: 227, Rank: 0, loss = 1.643240213394165Epoch: 1, Step: 227, Rank: 1, loss = 1.4092028141021729

Model Parameters: 6.927 B, Latency: 2.62s, TFLOPs: 4.00, Samples/sec: 0.38, Time/seq 2.62s, Batch Size: 1, Sequence Length: 512
Epoch: 1, Step: 228, Rank: 0, loss = 1.295345664024353
Epoch: 1, Step: 228, Rank: 1, loss = 1.5688047409057617
Model Parameters: 6.927 B, Latency: 2.53s, TFLOPs: 4.14, Samples/sec: 0.40, Time/seq 2.53s, Batch Size: 1, Sequence Length: 512
Epoch: 1, Step: 229, Rank: 1, loss = 1.0055322647094727
Epoch: 1, Step: 229, Rank: 0, loss = 1.4281340837478638
Model Parameters: 6.927 B, Latency: 2.53s, TFLOPs: 4.13, Samples/sec: 0.39, Time/seq 2.53s, Batch Size: 1, Sequence Length: 512
Epoch: 1, Step: 230, Rank: 1, loss = 1.4972758293151855Epoch: 1, Step: 230, Rank: 0, loss = 1.6467396020889282

Model Parameters: 6.927 B, Latency: 2.56s, TFLOPs: 4.10, Samples/sec: 0.39, Time/seq 2.56s, Batch Size: 1, Sequence Length: 512
Epoch: 1, Step: 231, Rank: 1, loss = 1.5619609355926514Epoch: 1, Step: 231, Rank: 0, loss = 1.3237273693084717

Model Parameters: 6.927 B, Latency: 2.62s, TFLOPs: 4.00, Samples/sec: 0.38, Time/seq 2.62s, Batch Size: 1, Sequence Length: 512
Epoch: 1, Step: 232, Rank: 1, loss = 1.371346116065979
Epoch: 1, Step: 232, Rank: 0, loss = 1.4303269386291504
Model Parameters: 6.927 B, Latency: 2.53s, TFLOPs: 4.14, Samples/sec: 0.40, Time/seq 2.53s, Batch Size: 1, Sequence Length: 512
Epoch: 1, Step: 233, Rank: 1, loss = 1.2557591199874878
Epoch: 1, Step: 233, Rank: 0, loss = 1.4339913129806519
Model Parameters: 6.927 B, Latency: 2.53s, TFLOPs: 4.14, Samples/sec: 0.40, Time/seq 2.53s, Batch Size: 1, Sequence Length: 512
Epoch: 1, Step: 234, Rank: 0, loss = 1.358864426612854Epoch: 1, Step: 234, Rank: 1, loss = 1.5547924041748047

Model Parameters: 6.927 B, Latency: 2.55s, TFLOPs: 4.10, Samples/sec: 0.39, Time/seq 2.55s, Batch Size: 1, Sequence Length: 512
Epoch: 1, Step: 235, Rank: 1, loss = 1.0210753679275513Epoch: 1, Step: 235, Rank: 0, loss = 1.4311037063598633

Model Parameters: 6.927 B, Latency: 2.62s, TFLOPs: 3.99, Samples/sec: 0.38, Time/seq 2.62s, Batch Size: 1, Sequence Length: 512
Epoch: 1, Step: 236, Rank: 0, loss = 1.235170841217041
Epoch: 1, Step: 236, Rank: 1, loss = 1.162941813468933
Model Parameters: 6.927 B, Latency: 2.53s, TFLOPs: 4.14, Samples/sec: 0.40, Time/seq 2.53s, Batch Size: 1, Sequence Length: 512
Epoch: 1, Step: 237, Rank: 0, loss = 1.2208545207977295Epoch: 1, Step: 237, Rank: 1, loss = 1.342449426651001

Model Parameters: 6.927 B, Latency: 2.54s, TFLOPs: 4.13, Samples/sec: 0.39, Time/seq 2.54s, Batch Size: 1, Sequence Length: 512
Epoch: 1, Step: 238, Rank: 1, loss = 1.3809932470321655
Epoch: 1, Step: 238, Rank: 0, loss = 1.4982266426086426
Model Parameters: 6.927 B, Latency: 2.55s, TFLOPs: 4.10, Samples/sec: 0.39, Time/seq 2.55s, Batch Size: 1, Sequence Length: 512
Epoch: 1, Step: 239, Rank: 0, loss = 1.1910041570663452
Epoch: 1, Step: 239, Rank: 1, loss = 1.7169163227081299
Model Parameters: 6.927 B, Latency: 2.61s, TFLOPs: 4.00, Samples/sec: 0.38, Time/seq 2.61s, Batch Size: 1, Sequence Length: 512
Epoch: 1, Step: 240, Rank: 1, loss = 1.0301518440246582
Epoch: 1, Step: 240, Rank: 0, loss = 1.325698733329773
Model Parameters: 6.927 B, Latency: 2.53s, TFLOPs: 4.13, Samples/sec: 0.40, Time/seq 2.53s, Batch Size: 1, Sequence Length: 512
Epoch: 1, Step: 241, Rank: 1, loss = 1.3147504329681396
Epoch: 1, Step: 241, Rank: 0, loss = 1.6661065816879272
Model Parameters: 6.927 B, Latency: 2.53s, TFLOPs: 4.13, Samples/sec: 0.39, Time/seq 2.53s, Batch Size: 1, Sequence Length: 512
Epoch: 1, Step: 242, Rank: 0, loss = 0.8032578825950623
Epoch: 1, Step: 242, Rank: 1, loss = 1.5481855869293213
Model Parameters: 6.927 B, Latency: 2.55s, TFLOPs: 4.10, Samples/sec: 0.39, Time/seq 2.55s, Batch Size: 1, Sequence Length: 512
Epoch: 1, Step: 243, Rank: 0, loss = 1.3401284217834473Epoch: 1, Step: 243, Rank: 1, loss = 1.2152992486953735

Model Parameters: 6.927 B, Latency: 2.62s, TFLOPs: 4.00, Samples/sec: 0.38, Time/seq 2.62s, Batch Size: 1, Sequence Length: 512
Epoch: 1, Step: 244, Rank: 0, loss = 1.2970069646835327
Epoch: 1, Step: 244, Rank: 1, loss = 1.4104901552200317
Model Parameters: 6.927 B, Latency: 2.53s, TFLOPs: 4.15, Samples/sec: 0.40, Time/seq 2.53s, Batch Size: 1, Sequence Length: 512
Epoch: 1, Step: 245, Rank: 0, loss = 1.1978510618209839
Epoch: 1, Step: 245, Rank: 1, loss = 1.2870162725448608
Model Parameters: 6.927 B, Latency: 2.55s, TFLOPs: 4.11, Samples/sec: 0.39, Time/seq 2.55s, Batch Size: 1, Sequence Length: 512
Epoch: 1, Step: 246, Rank: 1, loss = 1.3776191473007202
Epoch: 1, Step: 246, Rank: 0, loss = 1.040969967842102
Model Parameters: 6.927 B, Latency: 2.55s, TFLOPs: 4.10, Samples/sec: 0.39, Time/seq 2.55s, Batch Size: 1, Sequence Length: 512
Epoch: 1, Step: 247, Rank: 0, loss = 1.3093467950820923
Epoch: 1, Step: 247, Rank: 1, loss = 1.5402973890304565
Model Parameters: 6.927 B, Latency: 2.61s, TFLOPs: 4.00, Samples/sec: 0.38, Time/seq 2.61s, Batch Size: 1, Sequence Length: 512
Epoch: 1, Step: 248, Rank: 1, loss = 1.6144100427627563
Epoch: 1, Step: 248, Rank: 0, loss = 1.5322271585464478
Model Parameters: 6.927 B, Latency: 2.53s, TFLOPs: 4.14, Samples/sec: 0.40, Time/seq 2.53s, Batch Size: 1, Sequence Length: 512
Epoch: 1, Step: 249, Rank: 0, loss = 1.1566801071166992
Epoch: 1, Step: 249, Rank: 1, loss = 1.2427772283554077
Model Parameters: 6.927 B, Latency: 2.54s, TFLOPs: 4.12, Samples/sec: 0.39, Time/seq 2.54s, Batch Size: 1, Sequence Length: 512
Epoch: 1, Step: 250, Rank: 0, loss = 1.3445881605148315
Epoch: 1, Step: 250, Rank: 1, loss = 1.3507087230682373
Model Parameters: 6.927 B, Latency: 2.56s, TFLOPs: 4.09, Samples/sec: 0.39, Time/seq 2.56s, Batch Size: 1, Sequence Length: 512
Epoch: 1, Step: 251, Rank: 0, loss = 1.7608911991119385Epoch: 1, Step: 251, Rank: 1, loss = 1.2124561071395874

Model Parameters: 6.927 B, Latency: 2.62s, TFLOPs: 4.00, Samples/sec: 0.38, Time/seq 2.62s, Batch Size: 1, Sequence Length: 512
Epoch: 1, Step: 252, Rank: 1, loss = 1.5194050073623657
Epoch: 1, Step: 252, Rank: 0, loss = 1.3167972564697266
Model Parameters: 6.927 B, Latency: 2.54s, TFLOPs: 4.13, Samples/sec: 0.39, Time/seq 2.54s, Batch Size: 1, Sequence Length: 512
Epoch: 1, Step: 253, Rank: 0, loss = 1.3860381841659546
Epoch: 1, Step: 253, Rank: 1, loss = 1.2939074039459229
Model Parameters: 6.927 B, Latency: 2.53s, TFLOPs: 4.13, Samples/sec: 0.39, Time/seq 2.53s, Batch Size: 1, Sequence Length: 512
Epoch: 1, Step: 254, Rank: 1, loss = 0.9056912660598755
Epoch: 1, Step: 254, Rank: 0, loss = 1.647860050201416
Model Parameters: 6.927 B, Latency: 2.56s, TFLOPs: 4.08, Samples/sec: 0.39, Time/seq 2.56s, Batch Size: 1, Sequence Length: 512
Epoch: 1, Step: 255, Rank: 1, loss = 1.013890027999878Epoch: 1, Step: 255, Rank: 0, loss = 1.4802460670471191

Model Parameters: 6.927 B, Latency: 2.61s, TFLOPs: 4.02, Samples/sec: 0.38, Time/seq 2.61s, Batch Size: 1, Sequence Length: 512
Epoch: 1, Step: 256, Rank: 1, loss = 1.081861972808838Epoch: 1, Step: 256, Rank: 0, loss = 0.9129971861839294

Model Parameters: 6.927 B, Latency: 2.53s, TFLOPs: 4.14, Samples/sec: 0.40, Time/seq 2.53s, Batch Size: 1, Sequence Length: 512
Epoch: 1, Step: 257, Rank: 0, loss = 1.4304544925689697
Epoch: 1, Step: 257, Rank: 1, loss = 1.6354113817214966
Model Parameters: 6.927 B, Latency: 2.53s, TFLOPs: 4.14, Samples/sec: 0.40, Time/seq 2.53s, Batch Size: 1, Sequence Length: 512
Epoch: 1, Step: 258, Rank: 0, loss = 1.397634744644165Epoch: 1, Step: 258, Rank: 1, loss = 1.861917495727539

Model Parameters: 6.927 B, Latency: 2.56s, TFLOPs: 4.09, Samples/sec: 0.39, Time/seq 2.56s, Batch Size: 1, Sequence Length: 512
Epoch: 1, Step: 259, Rank: 1, loss = 1.6420742273330688Epoch: 1, Step: 259, Rank: 0, loss = 1.5276901721954346

Model Parameters: 6.927 B, Latency: 2.62s, TFLOPs: 4.00, Samples/sec: 0.38, Time/seq 2.62s, Batch Size: 1, Sequence Length: 512
Epoch: 1, Step: 260, Rank: 1, loss = 1.6638498306274414
Epoch: 1, Step: 260, Rank: 0, loss = 1.318218469619751
Model Parameters: 6.927 B, Latency: 2.53s, TFLOPs: 4.13, Samples/sec: 0.39, Time/seq 2.53s, Batch Size: 1, Sequence Length: 512
Epoch: 1, Step: 261, Rank: 0, loss = 1.0310742855072021Epoch: 1, Step: 261, Rank: 1, loss = 1.3982176780700684

Model Parameters: 6.927 B, Latency: 2.53s, TFLOPs: 4.13, Samples/sec: 0.39, Time/seq 2.53s, Batch Size: 1, Sequence Length: 512
Epoch: 1, Step: 262, Rank: 1, loss = 1.213568925857544
Epoch: 1, Step: 262, Rank: 0, loss = 1.0898032188415527
Model Parameters: 6.927 B, Latency: 2.55s, TFLOPs: 4.10, Samples/sec: 0.39, Time/seq 2.55s, Batch Size: 1, Sequence Length: 512
Epoch: 1, Step: 263, Rank: 0, loss = 1.1896125078201294
Epoch: 1, Step: 263, Rank: 1, loss = 1.3868753910064697
Model Parameters: 6.927 B, Latency: 2.61s, TFLOPs: 4.00, Samples/sec: 0.38, Time/seq 2.61s, Batch Size: 1, Sequence Length: 512
Epoch: 1, Step: 264, Rank: 1, loss = 1.1392399072647095Epoch: 1, Step: 264, Rank: 0, loss = 1.5738914012908936

Model Parameters: 6.927 B, Latency: 2.53s, TFLOPs: 4.14, Samples/sec: 0.40, Time/seq 2.53s, Batch Size: 1, Sequence Length: 512
Epoch: 1, Step: 265, Rank: 0, loss = 1.4807957410812378
Epoch: 1, Step: 265, Rank: 1, loss = 1.4435685873031616
Model Parameters: 6.927 B, Latency: 2.53s, TFLOPs: 4.13, Samples/sec: 0.39, Time/seq 2.53s, Batch Size: 1, Sequence Length: 512
Epoch: 1, Step: 266, Rank: 1, loss = 1.1346707344055176
Epoch: 1, Step: 266, Rank: 0, loss = 1.3555976152420044
Model Parameters: 6.927 B, Latency: 2.56s, TFLOPs: 4.09, Samples/sec: 0.39, Time/seq 2.56s, Batch Size: 1, Sequence Length: 512
Epoch: 1, Step: 267, Rank: 0, loss = 1.4416322708129883Epoch: 1, Step: 267, Rank: 1, loss = 1.0571073293685913

Model Parameters: 6.927 B, Latency: 2.61s, TFLOPs: 4.01, Samples/sec: 0.38, Time/seq 2.61s, Batch Size: 1, Sequence Length: 512
Epoch: 1, Step: 268, Rank: 0, loss = 1.2713282108306885
Epoch: 1, Step: 268, Rank: 1, loss = 1.3475253582000732
Model Parameters: 6.927 B, Latency: 2.54s, TFLOPs: 4.12, Samples/sec: 0.39, Time/seq 2.54s, Batch Size: 1, Sequence Length: 512
Epoch: 1, Step: 269, Rank: 1, loss = 1.989316701889038
Epoch: 1, Step: 269, Rank: 0, loss = 1.234432578086853
Model Parameters: 6.927 B, Latency: 2.53s, TFLOPs: 4.13, Samples/sec: 0.39, Time/seq 2.53s, Batch Size: 1, Sequence Length: 512
Epoch: 1, Step: 270, Rank: 0, loss = 1.3016750812530518
Epoch: 1, Step: 270, Rank: 1, loss = 1.2019124031066895
Model Parameters: 6.927 B, Latency: 2.56s, TFLOPs: 4.10, Samples/sec: 0.39, Time/seq 2.56s, Batch Size: 1, Sequence Length: 512
Epoch: 1, Step: 271, Rank: 0, loss = 0.9578315019607544
Epoch: 1, Step: 271, Rank: 1, loss = 1.2102612257003784
Model Parameters: 6.927 B, Latency: 2.61s, TFLOPs: 4.02, Samples/sec: 0.38, Time/seq 2.61s, Batch Size: 1, Sequence Length: 512
Epoch: 1, Step: 272, Rank: 0, loss = 1.0987155437469482
Epoch: 1, Step: 272, Rank: 1, loss = 0.8132667541503906
Model Parameters: 6.927 B, Latency: 2.53s, TFLOPs: 4.14, Samples/sec: 0.40, Time/seq 2.53s, Batch Size: 1, Sequence Length: 512
Epoch: 1, Step: 273, Rank: 0, loss = 1.2976469993591309
Epoch: 1, Step: 273, Rank: 1, loss = 1.426842212677002
Model Parameters: 6.927 B, Latency: 2.54s, TFLOPs: 4.12, Samples/sec: 0.39, Time/seq 2.54s, Batch Size: 1, Sequence Length: 512
Epoch: 1, Step: 274, Rank: 0, loss = 1.3196035623550415
Epoch: 1, Step: 274, Rank: 1, loss = 1.878096580505371
Model Parameters: 6.927 B, Latency: 2.56s, TFLOPs: 4.10, Samples/sec: 0.39, Time/seq 2.56s, Batch Size: 1, Sequence Length: 512
Epoch: 1, Step: 275, Rank: 0, loss = 1.2386564016342163
Epoch: 1, Step: 275, Rank: 1, loss = 1.3710335493087769
Model Parameters: 6.927 B, Latency: 2.61s, TFLOPs: 4.01, Samples/sec: 0.38, Time/seq 2.61s, Batch Size: 1, Sequence Length: 512
Epoch: 1, Step: 276, Rank: 1, loss = 1.3915235996246338
Epoch: 1, Step: 276, Rank: 0, loss = 1.5433372259140015
Model Parameters: 6.927 B, Latency: 2.53s, TFLOPs: 4.13, Samples/sec: 0.39, Time/seq 2.53s, Batch Size: 1, Sequence Length: 512
Epoch: 1, Step: 277, Rank: 0, loss = 1.385621428489685
Epoch: 1, Step: 277, Rank: 1, loss = 1.513651967048645
Model Parameters: 6.927 B, Latency: 2.54s, TFLOPs: 4.12, Samples/sec: 0.39, Time/seq 2.54s, Batch Size: 1, Sequence Length: 512
Epoch: 1, Step: 278, Rank: 0, loss = 2.0227036476135254
Epoch: 1, Step: 278, Rank: 1, loss = 1.4552605152130127
Model Parameters: 6.927 B, Latency: 2.55s, TFLOPs: 4.10, Samples/sec: 0.39, Time/seq 2.55s, Batch Size: 1, Sequence Length: 512
Epoch: 1, Step: 279, Rank: 1, loss = 1.427453875541687
Epoch: 1, Step: 279, Rank: 0, loss = 1.604896903038025
Model Parameters: 6.927 B, Latency: 2.61s, TFLOPs: 4.01, Samples/sec: 0.38, Time/seq 2.61s, Batch Size: 1, Sequence Length: 512
Epoch: 1, Step: 280, Rank: 1, loss = 1.4850956201553345
Epoch: 1, Step: 280, Rank: 0, loss = 1.507495403289795
Model Parameters: 6.927 B, Latency: 2.53s, TFLOPs: 4.13, Samples/sec: 0.40, Time/seq 2.53s, Batch Size: 1, Sequence Length: 512
Epoch: 1, Step: 281, Rank: 0, loss = 0.9950526356697083
Epoch: 1, Step: 281, Rank: 1, loss = 1.3604780435562134
Model Parameters: 6.927 B, Latency: 2.53s, TFLOPs: 4.13, Samples/sec: 0.39, Time/seq 2.53s, Batch Size: 1, Sequence Length: 512
Epoch: 1, Step: 282, Rank: 0, loss = 1.4201236963272095
Epoch: 1, Step: 282, Rank: 1, loss = 1.0318337678909302
Model Parameters: 6.927 B, Latency: 2.55s, TFLOPs: 4.10, Samples/sec: 0.39, Time/seq 2.55s, Batch Size: 1, Sequence Length: 512
Epoch: 1, Step: 283, Rank: 0, loss = 1.25188148021698Epoch: 1, Step: 283, Rank: 1, loss = 1.0818227529525757

Model Parameters: 6.927 B, Latency: 2.62s, TFLOPs: 4.00, Samples/sec: 0.38, Time/seq 2.62s, Batch Size: 1, Sequence Length: 512
Epoch: 1, Step: 284, Rank: 0, loss = 1.3880245685577393
Epoch: 1, Step: 284, Rank: 1, loss = 1.1343326568603516
Model Parameters: 6.927 B, Latency: 2.54s, TFLOPs: 4.13, Samples/sec: 0.39, Time/seq 2.54s, Batch Size: 1, Sequence Length: 512
Epoch: 1, Step: 285, Rank: 1, loss = 0.9666462540626526
Epoch: 1, Step: 285, Rank: 0, loss = 1.3807876110076904
Model Parameters: 6.927 B, Latency: 2.53s, TFLOPs: 4.13, Samples/sec: 0.39, Time/seq 2.53s, Batch Size: 1, Sequence Length: 512
Epoch: 1, Step: 286, Rank: 0, loss = 1.4090664386749268
Epoch: 1, Step: 286, Rank: 1, loss = 1.6154989004135132
Model Parameters: 6.927 B, Latency: 2.55s, TFLOPs: 4.10, Samples/sec: 0.39, Time/seq 2.55s, Batch Size: 1, Sequence Length: 512
Epoch: 1, Step: 287, Rank: 1, loss = 1.4655685424804688Epoch: 1, Step: 287, Rank: 0, loss = 1.570776104927063

Model Parameters: 6.927 B, Latency: 2.62s, TFLOPs: 4.00, Samples/sec: 0.38, Time/seq 2.62s, Batch Size: 1, Sequence Length: 512
Epoch: 1, Step: 288, Rank: 0, loss = 1.4883673191070557
Epoch: 1, Step: 288, Rank: 1, loss = 1.7033888101577759
Model Parameters: 6.927 B, Latency: 2.53s, TFLOPs: 4.13, Samples/sec: 0.39, Time/seq 2.53s, Batch Size: 1, Sequence Length: 512
Epoch: 1, Step: 289, Rank: 0, loss = 1.6359530687332153
Epoch: 1, Step: 289, Rank: 1, loss = 1.3170950412750244
Model Parameters: 6.927 B, Latency: 2.53s, TFLOPs: 4.13, Samples/sec: 0.39, Time/seq 2.53s, Batch Size: 1, Sequence Length: 512
Epoch: 1, Step: 290, Rank: 1, loss = 1.4735026359558105Epoch: 1, Step: 290, Rank: 0, loss = 1.5265710353851318

Model Parameters: 6.927 B, Latency: 2.54s, TFLOPs: 4.11, Samples/sec: 0.39, Time/seq 2.54s, Batch Size: 1, Sequence Length: 512
Epoch: 1, Step: 291, Rank: 1, loss = 1.3375760316848755Epoch: 1, Step: 291, Rank: 0, loss = 1.770019292831421

Model Parameters: 6.927 B, Latency: 2.63s, TFLOPs: 3.99, Samples/sec: 0.38, Time/seq 2.63s, Batch Size: 1, Sequence Length: 512
Epoch: 1, Step: 292, Rank: 0, loss = 1.4910930395126343
Epoch: 1, Step: 292, Rank: 1, loss = 1.5533775091171265
Model Parameters: 6.927 B, Latency: 2.54s, TFLOPs: 4.13, Samples/sec: 0.39, Time/seq 2.54s, Batch Size: 1, Sequence Length: 512
Epoch: 1, Step: 293, Rank: 1, loss = 1.7355685234069824
Epoch: 1, Step: 293, Rank: 0, loss = 1.438765525817871
Model Parameters: 6.927 B, Latency: 2.53s, TFLOPs: 4.13, Samples/sec: 0.39, Time/seq 2.53s, Batch Size: 1, Sequence Length: 512
Epoch: 1, Step: 294, Rank: 1, loss = 1.5151430368423462
Epoch: 1, Step: 294, Rank: 0, loss = 1.1677721738815308
Model Parameters: 6.927 B, Latency: 2.55s, TFLOPs: 4.11, Samples/sec: 0.39, Time/seq 2.55s, Batch Size: 1, Sequence Length: 512
Epoch: 1, Step: 295, Rank: 0, loss = 1.5844069719314575Epoch: 1, Step: 295, Rank: 1, loss = 1.1798619031906128

Model Parameters: 6.927 B, Latency: 2.61s, TFLOPs: 4.00, Samples/sec: 0.38, Time/seq 2.61s, Batch Size: 1, Sequence Length: 512
Epoch: 1, Step: 296, Rank: 0, loss = 1.7995450496673584
Epoch: 1, Step: 296, Rank: 1, loss = 1.3202717304229736
Model Parameters: 6.927 B, Latency: 2.54s, TFLOPs: 4.12, Samples/sec: 0.39, Time/seq 2.54s, Batch Size: 1, Sequence Length: 512
Epoch: 1, Step: 297, Rank: 1, loss = 1.0449953079223633
Epoch: 1, Step: 297, Rank: 0, loss = 1.3474137783050537
Model Parameters: 6.927 B, Latency: 2.54s, TFLOPs: 4.12, Samples/sec: 0.39, Time/seq 2.54s, Batch Size: 1, Sequence Length: 512
Epoch: 1, Step: 298, Rank: 0, loss = 1.5657485723495483
Epoch: 1, Step: 298, Rank: 1, loss = 0.8219294548034668
Model Parameters: 6.927 B, Latency: 2.55s, TFLOPs: 4.11, Samples/sec: 0.39, Time/seq 2.55s, Batch Size: 1, Sequence Length: 512
Epoch: 1, Step: 299, Rank: 1, loss = 1.240448236465454Epoch: 1, Step: 299, Rank: 0, loss = 1.1587023735046387

Model Parameters: 6.927 B, Latency: 2.62s, TFLOPs: 3.99, Samples/sec: 0.38, Time/seq 2.62s, Batch Size: 1, Sequence Length: 512
Epoch: 1, Step: 300, Rank: 0, loss = 1.3671361207962036
Epoch: 1, Step: 300, Rank: 1, loss = 1.4991214275360107
Model Parameters: 6.927 B, Latency: 2.54s, TFLOPs: 4.13, Samples/sec: 0.39, Time/seq 2.54s, Batch Size: 1, Sequence Length: 512
Epoch: 1, Step: 301, Rank: 1, loss = 1.4339792728424072
Epoch: 1, Step: 301, Rank: 0, loss = 0.8743183612823486
Model Parameters: 6.927 B, Latency: 2.54s, TFLOPs: 4.12, Samples/sec: 0.39, Time/seq 2.54s, Batch Size: 1, Sequence Length: 512
Epoch: 1, Step: 302, Rank: 1, loss = 1.5746099948883057Epoch: 1, Step: 302, Rank: 0, loss = 1.474100112915039

Model Parameters: 6.927 B, Latency: 2.55s, TFLOPs: 4.11, Samples/sec: 0.39, Time/seq 2.55s, Batch Size: 1, Sequence Length: 512
Epoch: 1, Step: 303, Rank: 0, loss = 1.4075151681900024
Epoch: 1, Step: 303, Rank: 1, loss = 1.523674488067627
Model Parameters: 6.927 B, Latency: 2.62s, TFLOPs: 4.00, Samples/sec: 0.38, Time/seq 2.62s, Batch Size: 1, Sequence Length: 512
Epoch: 1, Step: 304, Rank: 0, loss = 1.0150716304779053
Epoch: 1, Step: 304, Rank: 1, loss = 1.3111963272094727
Model Parameters: 6.927 B, Latency: 2.53s, TFLOPs: 4.13, Samples/sec: 0.39, Time/seq 2.53s, Batch Size: 1, Sequence Length: 512
Epoch: 1, Step: 305, Rank: 1, loss = 1.5167648792266846
Epoch: 1, Step: 305, Rank: 0, loss = 1.2914397716522217
Model Parameters: 6.927 B, Latency: 2.54s, TFLOPs: 4.13, Samples/sec: 0.39, Time/seq 2.54s, Batch Size: 1, Sequence Length: 512
Epoch: 1, Step: 306, Rank: 1, loss = 1.8391119241714478
Epoch: 1, Step: 306, Rank: 0, loss = 1.0179818868637085
Model Parameters: 6.927 B, Latency: 2.55s, TFLOPs: 4.11, Samples/sec: 0.39, Time/seq 2.55s, Batch Size: 1, Sequence Length: 512
Epoch: 1, Step: 307, Rank: 1, loss = 1.389420986175537
Epoch: 1, Step: 307, Rank: 0, loss = 1.0687103271484375
Model Parameters: 6.927 B, Latency: 2.66s, TFLOPs: 3.93, Samples/sec: 0.38, Time/seq 2.66s, Batch Size: 1, Sequence Length: 512
Epoch: 1, Step: 308, Rank: 1, loss = 1.364775538444519
Epoch: 1, Step: 308, Rank: 0, loss = 1.4360237121582031
Model Parameters: 6.927 B, Latency: 2.53s, TFLOPs: 4.13, Samples/sec: 0.39, Time/seq 2.53s, Batch Size: 1, Sequence Length: 512
Epoch: 1, Step: 309, Rank: 0, loss = 1.3205169439315796
Epoch: 1, Step: 309, Rank: 1, loss = 1.6072213649749756
Model Parameters: 6.927 B, Latency: 2.53s, TFLOPs: 4.13, Samples/sec: 0.39, Time/seq 2.53s, Batch Size: 1, Sequence Length: 512
Epoch: 1, Step: 310, Rank: 1, loss = 1.1433522701263428
Epoch: 1, Step: 310, Rank: 0, loss = 1.1778299808502197
Model Parameters: 6.927 B, Latency: 2.56s, TFLOPs: 4.09, Samples/sec: 0.39, Time/seq 2.56s, Batch Size: 1, Sequence Length: 512
Epoch: 1, Step: 311, Rank: 1, loss = 1.6766538619995117Epoch: 1, Step: 311, Rank: 0, loss = 1.243539810180664

Model Parameters: 6.927 B, Latency: 2.62s, TFLOPs: 3.99, Samples/sec: 0.38, Time/seq 2.62s, Batch Size: 1, Sequence Length: 512
Epoch: 1, Step: 312, Rank: 0, loss = 1.3508751392364502
Epoch: 1, Step: 312, Rank: 1, loss = 1.1128789186477661
Model Parameters: 6.927 B, Latency: 2.53s, TFLOPs: 4.13, Samples/sec: 0.39, Time/seq 2.53s, Batch Size: 1, Sequence Length: 512
Epoch: 1, Step: 313, Rank: 0, loss = 1.391859769821167
Epoch: 1, Step: 313, Rank: 1, loss = 1.7152234315872192
Model Parameters: 6.927 B, Latency: 2.53s, TFLOPs: 4.14, Samples/sec: 0.40, Time/seq 2.53s, Batch Size: 1, Sequence Length: 512
Epoch: 1, Step: 314, Rank: 1, loss = 1.1738653182983398
Epoch: 1, Step: 314, Rank: 0, loss = 1.5515469312667847
Model Parameters: 6.927 B, Latency: 2.55s, TFLOPs: 4.10, Samples/sec: 0.39, Time/seq 2.55s, Batch Size: 1, Sequence Length: 512
Epoch: 1, Step: 315, Rank: 0, loss = 1.5279676914215088Epoch: 1, Step: 315, Rank: 1, loss = 1.4962282180786133

Model Parameters: 6.927 B, Latency: 2.63s, TFLOPs: 3.99, Samples/sec: 0.38, Time/seq 2.63s, Batch Size: 1, Sequence Length: 512
Epoch: 1, Step: 316, Rank: 1, loss = 1.0439802408218384
Epoch: 1, Step: 316, Rank: 0, loss = 0.9873865246772766
Model Parameters: 6.927 B, Latency: 2.53s, TFLOPs: 4.13, Samples/sec: 0.39, Time/seq 2.53s, Batch Size: 1, Sequence Length: 512
Epoch: 1, Step: 317, Rank: 0, loss = 0.6980729103088379
Epoch: 1, Step: 317, Rank: 1, loss = 1.4120285511016846
Model Parameters: 6.927 B, Latency: 2.53s, TFLOPs: 4.14, Samples/sec: 0.40, Time/seq 2.53s, Batch Size: 1, Sequence Length: 512
Epoch: 1, Step: 318, Rank: 0, loss = 1.8067426681518555
Epoch: 1, Step: 318, Rank: 1, loss = 1.1050257682800293
Model Parameters: 6.927 B, Latency: 2.56s, TFLOPs: 4.09, Samples/sec: 0.39, Time/seq 2.56s, Batch Size: 1, Sequence Length: 512
Epoch: 1, Step: 319, Rank: 0, loss = 1.4187953472137451Epoch: 1, Step: 319, Rank: 1, loss = 1.2075978517532349

Model Parameters: 6.927 B, Latency: 2.62s, TFLOPs: 4.00, Samples/sec: 0.38, Time/seq 2.62s, Batch Size: 1, Sequence Length: 512
Epoch: 1, Step: 320, Rank: 1, loss = 1.1632369756698608
Epoch: 1, Step: 320, Rank: 0, loss = 1.4357945919036865
Model Parameters: 6.927 B, Latency: 2.54s, TFLOPs: 4.12, Samples/sec: 0.39, Time/seq 2.54s, Batch Size: 1, Sequence Length: 512
Epoch: 1, Step: 321, Rank: 1, loss = 1.5862317085266113
Epoch: 1, Step: 321, Rank: 0, loss = 1.2876949310302734
Model Parameters: 6.927 B, Latency: 2.52s, TFLOPs: 4.15, Samples/sec: 0.40, Time/seq 2.52s, Batch Size: 1, Sequence Length: 512
Epoch: 1, Step: 322, Rank: 1, loss = 1.2703166007995605
Epoch: 1, Step: 322, Rank: 0, loss = 1.7033159732818604
Model Parameters: 6.927 B, Latency: 2.55s, TFLOPs: 4.10, Samples/sec: 0.39, Time/seq 2.55s, Batch Size: 1, Sequence Length: 512
Epoch: 1, Step: 323, Rank: 0, loss = 1.9692373275756836
Epoch: 1, Step: 323, Rank: 1, loss = 1.5590022802352905
Model Parameters: 6.927 B, Latency: 2.62s, TFLOPs: 4.00, Samples/sec: 0.38, Time/seq 2.62s, Batch Size: 1, Sequence Length: 512
Epoch: 1, Step: 324, Rank: 1, loss = 1.6564679145812988
Epoch: 1, Step: 324, Rank: 0, loss = 1.2468087673187256
Model Parameters: 6.927 B, Latency: 2.54s, TFLOPs: 4.12, Samples/sec: 0.39, Time/seq 2.54s, Batch Size: 1, Sequence Length: 512
Epoch: 1, Step: 325, Rank: 1, loss = 1.5797992944717407
Epoch: 1, Step: 325, Rank: 0, loss = 1.3347625732421875
Model Parameters: 6.927 B, Latency: 2.53s, TFLOPs: 4.14, Samples/sec: 0.40, Time/seq 2.53s, Batch Size: 1, Sequence Length: 512
Epoch: 1, Step: 326, Rank: 1, loss = 1.0350931882858276
Epoch: 1, Step: 326, Rank: 0, loss = 1.8971792459487915
Model Parameters: 6.927 B, Latency: 2.55s, TFLOPs: 4.10, Samples/sec: 0.39, Time/seq 2.55s, Batch Size: 1, Sequence Length: 512
Epoch: 1, Step: 327, Rank: 1, loss = 1.3023078441619873Epoch: 1, Step: 327, Rank: 0, loss = 1.4093866348266602

Model Parameters: 6.927 B, Latency: 2.62s, TFLOPs: 4.00, Samples/sec: 0.38, Time/seq 2.62s, Batch Size: 1, Sequence Length: 512
Epoch: 1, Step: 328, Rank: 1, loss = 1.59716796875
Epoch: 1, Step: 328, Rank: 0, loss = 1.486891269683838
Model Parameters: 6.927 B, Latency: 2.53s, TFLOPs: 4.13, Samples/sec: 0.39, Time/seq 2.53s, Batch Size: 1, Sequence Length: 512
Epoch: 1, Step: 329, Rank: 0, loss = 1.4052600860595703
Epoch: 1, Step: 329, Rank: 1, loss = 1.032473087310791
Model Parameters: 6.927 B, Latency: 2.53s, TFLOPs: 4.14, Samples/sec: 0.40, Time/seq 2.53s, Batch Size: 1, Sequence Length: 512
Epoch: 1, Step: 330, Rank: 0, loss = 0.9688469171524048
Epoch: 1, Step: 330, Rank: 1, loss = 0.9680811762809753
Model Parameters: 6.927 B, Latency: 2.55s, TFLOPs: 4.10, Samples/sec: 0.39, Time/seq 2.55s, Batch Size: 1, Sequence Length: 512
Epoch: 1, Step: 331, Rank: 0, loss = 1.0407644510269165
Epoch: 1, Step: 331, Rank: 1, loss = 1.6837228536605835
Model Parameters: 6.927 B, Latency: 2.62s, TFLOPs: 4.00, Samples/sec: 0.38, Time/seq 2.62s, Batch Size: 1, Sequence Length: 512
Epoch: 1, Step: 332, Rank: 1, loss = 1.1489092111587524
Epoch: 1, Step: 332, Rank: 0, loss = 1.5132964849472046
Model Parameters: 6.927 B, Latency: 2.53s, TFLOPs: 4.13, Samples/sec: 0.40, Time/seq 2.53s, Batch Size: 1, Sequence Length: 512
Epoch: 1, Step: 333, Rank: 1, loss = 1.2715555429458618Epoch: 1, Step: 333, Rank: 0, loss = 1.6164815425872803

Model Parameters: 6.927 B, Latency: 2.53s, TFLOPs: 4.14, Samples/sec: 0.40, Time/seq 2.53s, Batch Size: 1, Sequence Length: 512
Epoch: 1, Step: 334, Rank: 1, loss = 1.4508739709854126
Epoch: 1, Step: 334, Rank: 0, loss = 1.8168002367019653
Model Parameters: 6.927 B, Latency: 2.56s, TFLOPs: 4.09, Samples/sec: 0.39, Time/seq 2.56s, Batch Size: 1, Sequence Length: 512
Epoch: 1, Step: 335, Rank: 1, loss = 1.6886179447174072Epoch: 1, Step: 335, Rank: 0, loss = 1.7493394613265991

Model Parameters: 6.927 B, Latency: 2.62s, TFLOPs: 4.00, Samples/sec: 0.38, Time/seq 2.62s, Batch Size: 1, Sequence Length: 512
Epoch: 1, Step: 336, Rank: 1, loss = 1.5717755556106567
Epoch: 1, Step: 336, Rank: 0, loss = 1.4512218236923218
Model Parameters: 6.927 B, Latency: 2.53s, TFLOPs: 4.13, Samples/sec: 0.39, Time/seq 2.53s, Batch Size: 1, Sequence Length: 512
Epoch: 1, Step: 337, Rank: 1, loss = 1.153165578842163
Epoch: 1, Step: 337, Rank: 0, loss = 1.3997398614883423
Model Parameters: 6.927 B, Latency: 2.53s, TFLOPs: 4.14, Samples/sec: 0.40, Time/seq 2.53s, Batch Size: 1, Sequence Length: 512
Epoch: 1, Step: 338, Rank: 0, loss = 1.0872620344161987
Epoch: 1, Step: 338, Rank: 1, loss = 1.4352904558181763
Model Parameters: 6.927 B, Latency: 2.56s, TFLOPs: 4.10, Samples/sec: 0.39, Time/seq 2.56s, Batch Size: 1, Sequence Length: 512
Epoch: 1, Step: 339, Rank: 0, loss = 1.4318958520889282Epoch: 1, Step: 339, Rank: 1, loss = 1.5480486154556274

Model Parameters: 6.927 B, Latency: 2.62s, TFLOPs: 3.99, Samples/sec: 0.38, Time/seq 2.62s, Batch Size: 1, Sequence Length: 512
Epoch: 1, Step: 340, Rank: 0, loss = 1.4697239398956299Epoch: 1, Step: 340, Rank: 1, loss = 1.3486554622650146

Model Parameters: 6.927 B, Latency: 2.53s, TFLOPs: 4.14, Samples/sec: 0.40, Time/seq 2.53s, Batch Size: 1, Sequence Length: 512
Epoch: 1, Step: 341, Rank: 1, loss = 1.3680750131607056
Epoch: 1, Step: 341, Rank: 0, loss = 1.597582459449768
Model Parameters: 6.927 B, Latency: 2.57s, TFLOPs: 4.07, Samples/sec: 0.39, Time/seq 2.57s, Batch Size: 1, Sequence Length: 512
Epoch: 1, Step: 342, Rank: 0, loss = 1.466427206993103
Epoch: 1, Step: 342, Rank: 1, loss = 1.6567800045013428
Model Parameters: 6.927 B, Latency: 2.55s, TFLOPs: 4.10, Samples/sec: 0.39, Time/seq 2.55s, Batch Size: 1, Sequence Length: 512
Epoch: 1, Step: 343, Rank: 0, loss = 2.131701946258545
Epoch: 1, Step: 343, Rank: 1, loss = 1.2029281854629517
Model Parameters: 6.927 B, Latency: 2.62s, TFLOPs: 4.00, Samples/sec: 0.38, Time/seq 2.62s, Batch Size: 1, Sequence Length: 512
Epoch: 1, Step: 344, Rank: 1, loss = 1.7748019695281982
Epoch: 1, Step: 344, Rank: 0, loss = 1.7591183185577393
Model Parameters: 6.927 B, Latency: 2.53s, TFLOPs: 4.14, Samples/sec: 0.40, Time/seq 2.53s, Batch Size: 1, Sequence Length: 512
Epoch: 1, Step: 345, Rank: 1, loss = 1.5202476978302002
Epoch: 1, Step: 345, Rank: 0, loss = 1.406205654144287
Model Parameters: 6.927 B, Latency: 2.54s, TFLOPs: 4.12, Samples/sec: 0.39, Time/seq 2.54s, Batch Size: 1, Sequence Length: 512
Epoch: 1, Step: 346, Rank: 0, loss = 1.0393900871276855
Epoch: 1, Step: 346, Rank: 1, loss = 1.304174542427063
Model Parameters: 6.927 B, Latency: 2.55s, TFLOPs: 4.10, Samples/sec: 0.39, Time/seq 2.55s, Batch Size: 1, Sequence Length: 512
Epoch: 1, Step: 347, Rank: 0, loss = 1.3697644472122192
Epoch: 1, Step: 347, Rank: 1, loss = 1.3867980241775513
Model Parameters: 6.927 B, Latency: 2.62s, TFLOPs: 3.99, Samples/sec: 0.38, Time/seq 2.62s, Batch Size: 1, Sequence Length: 512
Epoch: 1, Step: 348, Rank: 1, loss = 1.7619143724441528
Epoch: 1, Step: 348, Rank: 0, loss = 1.291846752166748
Model Parameters: 6.927 B, Latency: 2.53s, TFLOPs: 4.13, Samples/sec: 0.39, Time/seq 2.53s, Batch Size: 1, Sequence Length: 512
Epoch: 1, Step: 349, Rank: 0, loss = 1.3743473291397095
Epoch: 1, Step: 349, Rank: 1, loss = 1.4695886373519897
Model Parameters: 6.927 B, Latency: 2.53s, TFLOPs: 4.14, Samples/sec: 0.40, Time/seq 2.53s, Batch Size: 1, Sequence Length: 512
Epoch: 1, Step: 350, Rank: 1, loss = 1.2974215745925903
Epoch: 1, Step: 350, Rank: 0, loss = 1.3579187393188477
Model Parameters: 6.927 B, Latency: 2.55s, TFLOPs: 4.10, Samples/sec: 0.39, Time/seq 2.55s, Batch Size: 1, Sequence Length: 512
Epoch: 1, Step: 351, Rank: 0, loss = 1.3632363080978394Epoch: 1, Step: 351, Rank: 1, loss = 1.4295756816864014

Model Parameters: 6.927 B, Latency: 2.62s, TFLOPs: 4.00, Samples/sec: 0.38, Time/seq 2.62s, Batch Size: 1, Sequence Length: 512
Epoch: 1, Step: 352, Rank: 1, loss = 1.6858360767364502
Epoch: 1, Step: 352, Rank: 0, loss = 1.3407087326049805
Model Parameters: 6.927 B, Latency: 2.53s, TFLOPs: 4.14, Samples/sec: 0.40, Time/seq 2.53s, Batch Size: 1, Sequence Length: 512
Epoch: 1, Step: 353, Rank: 1, loss = 1.6365691423416138
Epoch: 1, Step: 353, Rank: 0, loss = 1.0604678392410278
Model Parameters: 6.927 B, Latency: 2.53s, TFLOPs: 4.13, Samples/sec: 0.39, Time/seq 2.53s, Batch Size: 1, Sequence Length: 512
Epoch: 1, Step: 354, Rank: 1, loss = 1.484917163848877
Epoch: 1, Step: 354, Rank: 0, loss = 1.0468740463256836
Model Parameters: 6.927 B, Latency: 2.56s, TFLOPs: 4.10, Samples/sec: 0.39, Time/seq 2.56s, Batch Size: 1, Sequence Length: 512
Epoch: 1, Step: 355, Rank: 0, loss = 1.977217435836792
Epoch: 1, Step: 355, Rank: 1, loss = 1.2405073642730713
Model Parameters: 6.927 B, Latency: 2.62s, TFLOPs: 4.00, Samples/sec: 0.38, Time/seq 2.62s, Batch Size: 1, Sequence Length: 512
Epoch: 1, Step: 356, Rank: 0, loss = 1.380752444267273
Epoch: 1, Step: 356, Rank: 1, loss = 1.3498430252075195
Model Parameters: 6.927 B, Latency: 2.53s, TFLOPs: 4.14, Samples/sec: 0.40, Time/seq 2.53s, Batch Size: 1, Sequence Length: 512
Epoch: 1, Step: 357, Rank: 0, loss = 1.4794827699661255
Epoch: 1, Step: 357, Rank: 1, loss = 1.471709966659546
Model Parameters: 6.927 B, Latency: 2.54s, TFLOPs: 4.12, Samples/sec: 0.39, Time/seq 2.54s, Batch Size: 1, Sequence Length: 512
Epoch: 1, Step: 358, Rank: 1, loss = 1.3505260944366455Epoch: 1, Step: 358, Rank: 0, loss = 1.5117756128311157

Model Parameters: 6.927 B, Latency: 2.55s, TFLOPs: 4.10, Samples/sec: 0.39, Time/seq 2.55s, Batch Size: 1, Sequence Length: 512
Epoch: 1, Step: 359, Rank: 0, loss = 1.6376503705978394Epoch: 1, Step: 359, Rank: 1, loss = 1.5264242887496948

Model Parameters: 6.927 B, Latency: 2.62s, TFLOPs: 4.00, Samples/sec: 0.38, Time/seq 2.62s, Batch Size: 1, Sequence Length: 512
Epoch: 1, Step: 360, Rank: 1, loss = 1.481488823890686
Epoch: 1, Step: 360, Rank: 0, loss = 1.3530617952346802
Model Parameters: 6.927 B, Latency: 2.53s, TFLOPs: 4.14, Samples/sec: 0.40, Time/seq 2.53s, Batch Size: 1, Sequence Length: 512
Epoch: 1, Step: 361, Rank: 0, loss = 1.474507451057434
Epoch: 1, Step: 361, Rank: 1, loss = 1.4332574605941772
Model Parameters: 6.927 B, Latency: 2.53s, TFLOPs: 4.13, Samples/sec: 0.39, Time/seq 2.53s, Batch Size: 1, Sequence Length: 512
Epoch: 1, Step: 362, Rank: 1, loss = 1.143970251083374
Epoch: 1, Step: 362, Rank: 0, loss = 0.9727933406829834
Model Parameters: 6.927 B, Latency: 2.56s, TFLOPs: 4.09, Samples/sec: 0.39, Time/seq 2.56s, Batch Size: 1, Sequence Length: 512
Epoch: 1, Step: 363, Rank: 0, loss = 1.4209365844726562
Epoch: 1, Step: 363, Rank: 1, loss = 1.3399842977523804
Model Parameters: 6.927 B, Latency: 2.62s, TFLOPs: 4.00, Samples/sec: 0.38, Time/seq 2.62s, Batch Size: 1, Sequence Length: 512
Epoch: 1, Step: 364, Rank: 1, loss = 1.2958546876907349Epoch: 1, Step: 364, Rank: 0, loss = 1.7363041639328003

Model Parameters: 6.927 B, Latency: 2.53s, TFLOPs: 4.14, Samples/sec: 0.40, Time/seq 2.53s, Batch Size: 1, Sequence Length: 512
Epoch: 1, Step: 365, Rank: 1, loss = 1.2135852575302124
Epoch: 1, Step: 365, Rank: 0, loss = 1.4488682746887207
Model Parameters: 6.927 B, Latency: 2.53s, TFLOPs: 4.13, Samples/sec: 0.40, Time/seq 2.53s, Batch Size: 1, Sequence Length: 512
Epoch: 1, Step: 366, Rank: 0, loss = 1.469656229019165
Epoch: 1, Step: 366, Rank: 1, loss = 1.2078241109848022
Model Parameters: 6.927 B, Latency: 2.56s, TFLOPs: 4.08, Samples/sec: 0.39, Time/seq 2.56s, Batch Size: 1, Sequence Length: 512
Epoch: 1, Step: 367, Rank: 0, loss = 1.5528844594955444
Epoch: 1, Step: 367, Rank: 1, loss = 1.4410555362701416
Model Parameters: 6.927 B, Latency: 2.61s, TFLOPs: 4.01, Samples/sec: 0.38, Time/seq 2.61s, Batch Size: 1, Sequence Length: 512
Epoch: 1, Step: 368, Rank: 1, loss = 1.286365270614624
Epoch: 1, Step: 368, Rank: 0, loss = 1.4317336082458496
Model Parameters: 6.927 B, Latency: 2.53s, TFLOPs: 4.13, Samples/sec: 0.40, Time/seq 2.53s, Batch Size: 1, Sequence Length: 512
Epoch: 1, Step: 369, Rank: 1, loss = 1.4836195707321167
Epoch: 1, Step: 369, Rank: 0, loss = 1.4853038787841797
Model Parameters: 6.927 B, Latency: 2.53s, TFLOPs: 4.13, Samples/sec: 0.39, Time/seq 2.53s, Batch Size: 1, Sequence Length: 512
Epoch: 1, Step: 370, Rank: 0, loss = 1.6229207515716553
Epoch: 1, Step: 370, Rank: 1, loss = 1.3022576570510864
Model Parameters: 6.927 B, Latency: 2.56s, TFLOPs: 4.09, Samples/sec: 0.39, Time/seq 2.56s, Batch Size: 1, Sequence Length: 512
Epoch: 1, Step: 371, Rank: 0, loss = 1.3723480701446533Epoch: 1, Step: 371, Rank: 1, loss = 1.3181248903274536

Model Parameters: 6.927 B, Latency: 2.62s, TFLOPs: 3.99, Samples/sec: 0.38, Time/seq 2.62s, Batch Size: 1, Sequence Length: 512
Epoch: 1, Step: 372, Rank: 0, loss = 1.6725112199783325
Epoch: 1, Step: 372, Rank: 1, loss = 1.4270715713500977
Model Parameters: 6.927 B, Latency: 2.53s, TFLOPs: 4.13, Samples/sec: 0.39, Time/seq 2.53s, Batch Size: 1, Sequence Length: 512
Epoch: 1, Step: 373, Rank: 1, loss = 1.3752144575119019
Epoch: 1, Step: 373, Rank: 0, loss = 1.4167239665985107
Model Parameters: 6.927 B, Latency: 2.53s, TFLOPs: 4.13, Samples/sec: 0.39, Time/seq 2.53s, Batch Size: 1, Sequence Length: 512
Epoch: 1, Step: 374, Rank: 0, loss = 0.8501665592193604
Epoch: 1, Step: 374, Rank: 1, loss = 1.44413423538208
Model Parameters: 6.927 B, Latency: 2.55s, TFLOPs: 4.10, Samples/sec: 0.39, Time/seq 2.55s, Batch Size: 1, Sequence Length: 512
Epoch: 1, Step: 375, Rank: 1, loss = 1.0255231857299805
Epoch: 1, Step: 375, Rank: 0, loss = 1.4461729526519775
Model Parameters: 6.927 B, Latency: 2.61s, TFLOPs: 4.01, Samples/sec: 0.38, Time/seq 2.61s, Batch Size: 1, Sequence Length: 512
Epoch: 1, Step: 376, Rank: 1, loss = 1.555033802986145
Epoch: 1, Step: 376, Rank: 0, loss = 1.2564467191696167
Model Parameters: 6.927 B, Latency: 2.54s, TFLOPs: 4.13, Samples/sec: 0.39, Time/seq 2.54s, Batch Size: 1, Sequence Length: 512
Epoch: 1, Step: 377, Rank: 1, loss = 0.9471238255500793
Epoch: 1, Step: 377, Rank: 0, loss = 0.7434655427932739
Model Parameters: 6.927 B, Latency: 2.53s, TFLOPs: 4.13, Samples/sec: 0.40, Time/seq 2.53s, Batch Size: 1, Sequence Length: 512
Epoch: 1, Step: 378, Rank: 1, loss = 0.6529154777526855
Epoch: 1, Step: 378, Rank: 0, loss = 1.275962471961975
Model Parameters: 6.927 B, Latency: 2.55s, TFLOPs: 4.10, Samples/sec: 0.39, Time/seq 2.55s, Batch Size: 1, Sequence Length: 512
Epoch: 1, Step: 379, Rank: 1, loss = 1.666479468345642Epoch: 1, Step: 379, Rank: 0, loss = 1.3710131645202637

Model Parameters: 6.927 B, Latency: 2.61s, TFLOPs: 4.01, Samples/sec: 0.38, Time/seq 2.61s, Batch Size: 1, Sequence Length: 512
Epoch: 1, Step: 380, Rank: 0, loss = 1.2073862552642822
Epoch: 1, Step: 380, Rank: 1, loss = 1.5948388576507568
Model Parameters: 6.927 B, Latency: 2.54s, TFLOPs: 4.12, Samples/sec: 0.39, Time/seq 2.54s, Batch Size: 1, Sequence Length: 512
***** Evaluating perplexity, Epoch 2/2 *****
ppl: 4.227382659912109, loss: 1.4415830373764038
[2026-04-05 14:43:51,271] [INFO] [launch.py:367:main] Process 1676329 exits successfully.
[2026-04-05 14:43:51,271] [INFO] [launch.py:367:main] Process 1676330 exits successfully.
